X,Y,Index_,ACCNUM,YEAR,DATE,TIME,HOUR,STREET1,STREET2,OFFSET,ROAD_CLASS,District,WardNum,Division,LATITUDE,LONGITUDE,LOCCOORD,ACCLOC,TRAFFCTL,VISIBILITY,LIGHT,RDSFCOND,ACCLASS,IMPACTYPE,INVTYPE,INVAGE,INJURY,FATAL_NO,INITDIR,VEHTYPE,MANOEUVER,DRIVACT,DRIVCOND,PEDTYPE,PEDACT,PEDCOND,CYCLISTYPE,CYCACT,CYCCOND,PEDESTRIAN,CYCLIST,AUTOMOBILE,MOTORCYCLE,TRUCK,TRSN_CITY_VEH,EMERG_VEH,PASSENGER,SPEEDING,AG_DRIV,REDLIGHT,ALCOHOL,DISABILITY,Hood_ID,Neighbourhood,ObjectId
-8829782.972884,5425470.77161921,6806561,1271163,2011,2011/12/23 05:00:00+00,547,5,LAWRENCE AVE E,CURLEW DR,,Major Arterial,North York,16,33,43.741145,-79.31929,Intersection,At Intersection,Traffic Signal,Clear,"Dark, artificial",Wet,Fatal,Turning Movement,Driver,35 to 39,Fatal,35,East,"Automobile, Station Wagon",Turning Left,Improper Turn,Inattentive,,,,,,,,,Yes,,,,,,,Yes,,,,45,Parkwoods-Donalda (45),288
-8819574.97557825,5437049.56980509,7377669,1275814,2012,2012/01/12 05:00:00+00,558,5,NEILSON RD,FINCH AVE E,,Minor Arterial,Scarborough,,42,43.816245,-79.22759,Intersection,,Traffic Signal,Rain,"Dark, artificial",Wet,Fatal,Pedestrian Collisions,Pedestrian,40 to 44,Fatal,2,West,Other,,,,Vehicle turns left while ped crosses with ROW at inter.,Crossing with right of way,Unknown,,,,Yes,,Yes,,,,,Yes,,Yes,,,,132,Malvern (132),289
-8836417.61453528,5431404.82342781,7376307,1274722,2012,2012/01/12 05:00:00+00,2110,21,FOREST GROVE DR,PAGE AVE,,Local,North York,17,33,43.779645,-79.37889,Mid-Block,,No Control,Clear,"Dark, artificial",Wet,Fatal,Pedestrian Collisions,Pedestrian,80 to 84,Fatal,1,Unknown,Other,,,,Vehicle is reversing and hits pedestrian,Other,Medical or Physical Disability,,,,Yes,,Yes,,,,,,,,,,,52,Bayview Village (52),290
-8833779.34260347,5433008.44346853,7378164,1276186,2012,2012/01/20 05:00:00+00,2214,22,SENECA HILL DR,DON MILLS RD,,Collector,North York,17,33,43.790045,-79.35519,Mid-Block,,No Control,Snow,Dark,Packed Snow,Fatal,SMV Other,Driver,85 to 89,Fatal,4,West,"Automobile, Station Wagon",Going Ahead,Lost control,Unknown,,,,,,,,,Yes,,,,,,,,,,,47,Don Valley Village (47),291
-8855097.02509039,5418678.27189661,7527221,1277329,2012,2012/01/26 05:00:00+00,903,9,DIXON RD,ISLINGTON AVE,,Major Arterial,Etobicoke York,,23,43.697045,-79.54669,Intersection,At Intersection,Traffic Signal,Clear,Daylight,Wet,Fatal,Turning Movement,Passenger,65 to 69,Fatal,3,,Other,,,,,,,,,,,,Yes,,,Yes,,Yes,,Yes,,,,6,Kingsview Village-The Westway (6),292
-8858236.56868923,5429046.3127223,7380797,1278086,2012,2012/01/30 05:00:00+00,1428,14,STEELES AVE W,ISLINGTON AVE,,Major Arterial,Etobicoke York,7,31,43.764346,-79.574893,Intersection,At Intersection,Traffic Signal,Clear,Daylight,Dry,Fatal,Turning Movement,Driver,75 to 79,Fatal,6,West,"Automobile, Station Wagon",Turning Left,Lost control,Medical or Physical Disability,,,,,,,,,Yes,,,,,,,,,,Yes,21,Humber Summit (21),293
-8842027.67159329,5408767.7260985,7382685,1279209,2012,2012/02/06 05:00:00+00,233,2,F G GARDINER XY  E,DUFFERIN ST,,,Toronto and East York,4,14,43.632643,-79.429286,Mid-Block,,No Control,Clear,"Dark, artificial",Other,Fatal,Pedestrian Collisions,Pedestrian,15 to 19,Fatal,5,Unknown,Other,,,,Pedestrian hit at mid-block,Person Getting on/off Vehicle,Had Been Drinking,,,,Yes,,Yes,,Yes,,,,,,,,,85,South Parkdale (85),294
-8850009.72436113,5417831.48521414,7394208,1285342,2012,2012/03/21 04:00:00+00,2215,22,JANE ST,NICKLE ST,,Major Arterial,Etobicoke York,5,12,43.691545,-79.50099,Intersection,,No Control,Clear,"Dark, artificial",Dry,Fatal,Pedestrian Collisions,Pedestrian,75 to 79,Fatal,9,East,Other,,,,Pedestrian hit at mid-block,"Crossing, no Traffic Control",Normal,,,,Yes,,Yes,,,,,,,,,,,115,Mount Dennis (115),295
-8851278.76655618,5428105.94407001,7541977,1286941,2012,2012/04/02 04:00:00+00,555,5,FINCH AVE W,DRIFTWOOD AVE,,Major Arterial,Etobicoke York,7,31,43.758245,-79.51239,Mid-Block,,No Control,Clear,"Dawn, artificial",Dry,Fatal,Pedestrian Collisions,Pedestrian,45 to 49,Fatal,8,North,Other,,,,Pedestrian hit at mid-block,"Crossing, no Traffic Control",Unknown,,,,Yes,,Yes,,,,,,,,,,,25,Glenfield-Jane Heights (25),296
-8838054.01104994,5421742.74917823,7559313,1287084,2012,2012/04/03 04:00:00+00,230,2,MOUNT PLEASANT RD,STIBBARD AVE,,Major Arterial,North York,15,53,43.716945,-79.39359,Intersection,,No Control,Clear,Dark,Dry,Fatal,SMV Other,Passenger,20 to 24,Fatal,7,,Other,,,,,,,,,,,,Yes,,,,,Yes,Yes,Yes,,Yes,,99,Mount Pleasant East (99),297
-8816424.6339888,5434658.61303488,7514329,1289974,2012,2012/04/19 04:00:00+00,1203,12,MORNINGSIDE AVE,MILNER AVE,,Major Arterial,Scarborough,25,42,43.800745,-79.19929,Mid-Block,,No Control,Clear,Daylight,Dry,Fatal,SMV Other,Driver,50 to 54,Fatal,10,North,"Automobile, Station Wagon",Going Ahead,Other,Unknown,,,,,,,,,Yes,,,,,,,,,,,131,Rouge (131),298
-8833857.26624703,5413767.98966258,7514335,1290105,2012,2012/04/20 04:00:00+00,1447,14,DON VALLEY PARKWAY  N,GERRARD ST E,,,Toronto and East York,14,55,43.665145,-79.35589,Mid-Block,,No Control,Clear,Daylight,Dry,Fatal,SMV Other,Motorcycle Driver,35 to 39,Fatal,11,North,Motorcycle,Going Ahead,Exceeding Speed Limit,Unknown,,,,,,,,,,Yes,,,,,Yes,Yes,,,,68,North Riverdale (68),299
-8816402.37009064,5434581.49572588,7514338,1290199,2012,2012/04/21 04:00:00+00,2050,20,MORNINGSIDE AVE,MILNER AVE,,Major Arterial,Scarborough,25,42,43.800245,-79.19909,Intersection,At Intersection,Traffic Signal,Clear,"Dark, artificial",Dry,Fatal,Pedestrian Collisions,Pedestrian,55 to 59,Fatal,12,West,Other,,,,Vehicle is going straight thru inter.while ped cross without ROW,Crossing without right of way,Inattentive,,,,Yes,,Yes,,,,,,,,,,,131,Rouge (131),300
-8829515.80610609,5437836.40740168,7412070,1292918,2012,2012/05/07 04:00:00+00,801,8,STEELES AVE E,BIRCHMOUNT RD,,Major Arterial,Scarborough,22,42,43.821345,-79.31689,Intersection,At Intersection,Traffic Signal,Clear,Daylight,Dry,Fatal,Pedestrian Collisions,Pedestrian,30 to 34,Fatal,13,South,Other,,,,Vehicle is going straight thru inter.while ped cross with ROW,Crossing with right of way,Normal,,,,Yes,,Yes,,,,,Yes,,,,,,116,Steeles (116),301
-8838822.11553641,5419786.91004462,7414250,1293835,2012,2012/05/11 04:00:00+00,1239,12,DUPLEX AVE,ANDERSON AVE,,Collector,Toronto and East York,12,53,43.704245,-79.40049,Intersection,At Intersection,Stop Sign,Clear,Daylight,Dry,Fatal,Pedestrian Collisions,Pedestrian,80 to 84,Fatal,14,West,Other,,,,Vehicle turns left while ped crosses with ROW at inter.,Crossing with right of way,Normal,,,,Yes,,Yes,,,,,,,,,,,100,Yonge-Eglinton (100),302
-8855074.76119223,5429955.63760032,7415478,1294403,2012,2012/05/15 04:00:00+00,1426,14,WESTON RD,STEELES AVE W,,Major Arterial,Etobicoke York,7,31,43.770245,-79.54649,Intersection,At Intersection,Traffic Signal,Clear,Daylight,Dry,Fatal,Pedestrian Collisions,Pedestrian,75 to 79,Fatal,15,South,Other,,,,Vehicle turns right while ped crosses with ROW at inter.,Crossing with right of way,Normal,,,,Yes,,,,Yes,,,,,Yes,,,,21,Humber Summit (21),303
-8840803.82511151,5425655.36327254,7514423,1295871,2012,2012/05/27 04:00:00+00,1240,12,22 DELHI AVE,,,Local,North York,8,32,43.742343,-79.418292,Intersection,,No Control,Clear,Daylight,Dry,Fatal,Pedestrian Collisions,Pedestrian,80 to 84,Fatal,16,West,Other,,,,Vehicle is reversing and hits pedestrian,Walking on Roadway Against Traffic,Medical or Physical Disability,,,,Yes,,Yes,,,,,,,,,,,39,Bedford Park-Nortown (39),304
-8832643.88379738,5424808.24435186,7527468,1298038,2012,2012/06/08 04:00:00+00,1520,15,LAWRENCE AVE E,KARL FRASER  RD,,Major Arterial,North York,16,33,43.736845,-79.34499,Intersection,,No Control,Clear,Daylight,Dry,Fatal,Turning Movement,Motorcycle Driver,40 to 44,Fatal,17,East,Motorcycle,Going Ahead,Driving Properly,Normal,,,,,,,,,Yes,Yes,,,,,,Yes,,,,42,Banbury-Don Mills (42),305
-8838566.08070759,5410859.99379651,7425921,1298952,2012,2012/06/14 04:00:00+00,738,7,ADELAIDE ST W,BRANT ST,,Major Arterial,Toronto and East York,10,14,43.646245,-79.39819,Intersection,At Intersection,Traffic Signal,Clear,Daylight,Dry,Fatal,Pedestrian Collisions,Pedestrian,30 to 34,Fatal,18,East,Other,,,,Vehicle turns left while ped crosses with ROW at inter.,Crossing with right of way,Normal,,,,Yes,,Yes,,,,,,,,,,,77,Waterfront Communities-The Island (77),306
-8845078.27091899,5427088.77074915,7527537,1302631,2012,2012/07/08 04:00:00+00,1855,18,SHEPPARD AVE W,WILSON HEIGHTS BLVD,,Major Arterial,North York,6,32,43.751645,-79.45669,Intersection,At Intersection,Traffic Signal,Clear,Daylight,Dry,Fatal,Pedestrian Collisions,Pedestrian,25 to 29,Fatal,19,South,Other,,,,Vehicle turns left while ped crosses with ROW at inter.,Crossing with right of way,Unknown,,,,Yes,,Yes,,,,,,,Yes,,,,33,Clanton Park (33),307
-8839178.33790695,5411090.75368634,7435183,1302903,2012,2012/07/09 04:00:00+00,907,9,ACE LANE,WOLSELEY ST,,Local,Toronto and East York,10,14,43.647745,-79.40369,Mid-Block,At Intersection,No Control,Clear,Daylight,Dry,Fatal,SMV Other,Passenger,80 to 84,Fatal,20,,Other,,,,,,,,,,,,Yes,,,,,Yes,,,,,,78,Kensington-Chinatown (78),308
-8821957.21268123,5424746.61632718,7527566,1304055,2012,2012/07/13 04:00:00+00,2151,21,EGLINTON AVE E,BRIMLEY RD,,Major Arterial,Scarborough,,41,43.736445,-79.24899,Mid-Block,,No Control,Clear,"Dark, artificial",Dry,Fatal,Pedestrian Collisions,Pedestrian,45 to 49,Fatal,21,North,Other,,,,Pedestrian hit at mid-block,"Crossing, no Traffic Control",Unknown,,,,Yes,,Yes,,,,,,,,,,,124,Kennedy Park (124),309
-8815344.38965015,5429554.99333007,7527655,1307650,2012,2012/07/27 04:00:00+00,2133,21,KINGSTON RD,LAWRENCE AVE E,,Major Arterial,Scarborough,24,43,43.767646,-79.189586,Intersection,At Intersection,Traffic Signal,Clear,"Dusk, artificial",Dry,Fatal,Cyclist Collisions,Cyclist,15 to 19,Fatal,24,South,Bicycle,Going Ahead,,,,,,"Cyclist without ROW rides into path of motorist at inter, lnwy, dwy-Cyclist not turn.",Disobeyed Traffic Control,Unknown,,Yes,Yes,,,,,,,,,,,136,West Hill (136),310
-8860674.13157913,5422220.22166847,7446417,1307456,2012,2012/07/28 04:00:00+00,1224,12,HIGHWAY 27  N,HARNESS RD,,Major Arterial,Etobicoke York,1,23,43.720045,-79.59679,Intersection,,No Control,Clear,Daylight,Dry,Fatal,Pedestrian Collisions,Pedestrian,60 to 64,Fatal,22,West,Other,,,,Pedestrian hit at mid-block,"Crossing, no Traffic Control",Unknown,,,,Yes,,Yes,,,,,,,,,,,1,West Humber-Clairville (1),311
-8817905.18321636,5433085.54761543,7447394,1307861,2012,2012/07/30 04:00:00+00,1623,16,NEILSON RD,OAKMEADOW BLVD,,Minor Arterial,Scarborough,24,43,43.790545,-79.21259,Mid-Block,,No Control,Clear,Daylight,Dry,Fatal,SMV Other,Driver,55 to 59,Fatal,23,South,"Automobile, Station Wagon",Going Ahead,Lost control,Unknown,,,,,,,,,Yes,,,,,,,,,,,135,Morningside (135),312
-8840592.09544002,5431389.40535841,7455132,1311119,2012,2012/08/21 04:00:00+00,940,9,FINCH AVE W,YONGE ST,,Major Arterial,North York,18,32,43.779545,-79.41639,Mid-Block,At Intersection,No Control,Clear,Daylight,Dry,Fatal,Pedestrian Collisions,Pedestrian,45 to 49,Fatal,25,North,Other,,,,Pedestrian hit at mid-block,"Crossing, no Traffic Control",Unknown,,,,Yes,,Yes,,,,,Yes,,,,,,37,Willowdale West (37),313
-8848718.52958742,5415583.72023896,7559564,1311464,2012,2012/08/23 04:00:00+00,1627,16,ALLIANCE AVE,ROCKCLIFFE BLVD,,Collector,Etobicoke York,5,12,43.676943,-79.489391,Intersection,At Intersection,Traffic Signal,Clear,Daylight,Dry,Fatal,Angle,Motorcycle Driver,40 to 44,Fatal,26,North,Motorcycle,Going Ahead,Disobeyed Traffic Control,Unknown,,,,,,,,,Yes,Yes,,,,Yes,,Yes,Yes,,,111,Rockcliffe-Smythe (111),314
-8835716.30174328,5413475.61006801,7456387,1311644,2012,2012/08/25 04:00:00+00,810,8,CARLTON ST,SHERBOURNE ST,,Minor Arterial,Toronto and East York,13,51,43.663245,-79.37259,Mid-Block,,No Control,Clear,Daylight,Dry,Fatal,Pedestrian Collisions,Pedestrian,60 to 64,Fatal,28,North,Other,,,,Pedestrian hit at mid-block,Coming From Behind Parked Vehicle,Unknown,,,,Yes,,Yes,,,,,,,,,,,73,Moss Park (73),315
-8824395.1095296,5431605.26067678,7456394,1311647,2012,2012/08/25 04:00:00+00,2350,23,MARILAKE DR,SUMMERGLADE DR,,Local,Scarborough,23,42,43.780945,-79.27089,Mid-Block,,No Control,Clear,"Dark, artificial",Dry,Fatal,SMV Unattended Vehicle,Driver,20 to 24,Fatal,27,North,"Automobile, Station Wagon",Going Ahead,Lost control,Unknown,,,,,,,,,Yes,,,,,,Yes,Yes,,,,128,Agincourt South-Malvern West (128),316
-8837820.24011927,5431774.86483002,7462017,1314089,2012,2012/09/10 04:00:00+00,943,9,3133 BAYVIEW AVE,BYNG AVE,,Major Arterial,North York,,33,43.782045,-79.39149,Intersection,,No Control,Clear,Daylight,Dry,Fatal,Pedestrian Collisions,Pedestrian,75 to 79,Fatal,29,West,Other,,,,Pedestrian hit at mid-block,Walking on Roadway Against Traffic,Normal,,,,Yes,,Yes,,,,,,,Yes,,,,52,Bayview Village (52),317
-8843720.17313132,5420787.87829753,7462428,1314296,2012,2012/09/11 04:00:00+00,840,8,GLENGROVE AVE,MARLEE AVE,,Minor Arterial,North York,8,13,43.710745,-79.44449,Intersection,At Intersection,Stop Sign,Clear,Daylight,Dry,Fatal,Angle,Motorcycle Driver,20 to 24,Fatal,30,North,Motorcycle,Going Ahead,Speed too Fast For Condition,Normal,,,,,,,,,Yes,Yes,,,,,Yes,Yes,,,,31,Yorkdale-Glen Park (31),318
-8846587.54057517,5409097.4860054,7464370,1315100,2012,2012/09/14 04:00:00+00,102,1,F G GARDINER XY  E,SOUTH KINGSWAY,,,Toronto and East York,4,11,43.634787,-79.470248,Mid-Block,,No Control,Clear,"Dark, artificial",Dry,Fatal,SMV Other,Motorcycle Driver,30 to 34,Fatal,31,East,Motorcycle,Going Ahead,Lost control,Had Been Drinking,,,,,,,,,Yes,Yes,,,,,,,,,,85,South Parkdale (85),319
-8859872.63124542,5418447.32237186,7467253,1316338,2012,2012/09/22 04:00:00+00,1845,18,264 ATTWELL DR,,,Collector,Etobicoke York,1,23,43.695545,-79.58959,Mid-Block,,No Control,Clear,Daylight,Dry,Fatal,Pedestrian Collisions,Pedestrian,15 to 19,Fatal,32,South,Other,,,,Pedestrian hit on sidewalk or shoulder,On Sidewalk or Shoulder,Normal,,,,Yes,,Yes,,,,,,,,,,,1,West Humber-Clairville (1),320
-8849141.43233295,5414552.84380911,7559685,1318483,2012,2012/10/05 04:00:00+00,1455,14,JANE ST,CORBETT AVE,,Major Arterial,Etobicoke York,5,12,43.670245,-79.49319,Intersection,,No Control,Clear,Daylight,Dry,Fatal,SMV Other,Motorcycle Driver,35 to 39,Fatal,33,North,Motorcycle,Going Ahead,Driving Properly,Normal,,,,,,,,,Yes,Yes,,,,,,,,,,111,Rockcliffe-Smythe (111),321
-8846302.78531772,5416338.25065435,7474833,1319536,2012,2012/10/14 04:00:00+00,410,4,ROGERS RD,OLD WESTON RD,,Minor Arterial,Etobicoke York,,12,43.681845,-79.46769,Intersection,At Intersection,Traffic Signal,Rain,"Dark, artificial",Wet,Fatal,SMV Other,Driver,30 to 34,Fatal,34,West,"Automobile, Station Wagon",Going Ahead,Speed too Fast For Condition,Unknown,,,,,,,,,Yes,,,,,,Yes,Yes,,,,110,Keelesdale-Eglinton West (110),322
-8830472.93108793,5421341.99940113,7515494,1321027,2012,2012/10/20 04:00:00+00,518,5,DON VALLEY PARKWAY  S,SPANBRIDGE RD,,,North York,16,54,43.714343,-79.325488,Mid-Block,,No Control,Clear,"Dark, artificial",Wet,Fatal,SMV Other,Driver,15 to 19,Fatal,35,South,"Automobile, Station Wagon",Going Ahead,Lost control,Unknown,,,,,,,,,Yes,,,,,Yes,,,,,,44,Flemingdon Park (44),323
-8829215.13216146,5435769.01959865,7515508,1321216,2012,2012/10/21 04:00:00+00,325,3,MCNICOLL AVE,BIRCHMOUNT RD,,Minor Arterial,Scarborough,22,42,43.807944,-79.314189,Mid-Block,At Intersection,No Control,Clear,"Dark, artificial",Dry,Fatal,SMV Other,Passenger,20 to 24,Fatal,36,,Other,,,,,,,,,,,,Yes,,,,,Yes,Yes,Yes,,Yes,,116,Steeles (116),324
-8844699.78465029,5421311.50493453,7529123,1323544,2012,2012/11/01 04:00:00+00,652,6,LAWRENCE AVE W,CORONA ST,,Major Arterial,North York,8,32,43.714145,-79.45329,Mid-Block,,No Control,Rain,Dark,Wet,Fatal,Pedestrian Collisions,Pedestrian,30 to 34,Fatal,37,Unknown,Other,,,,Vehicle is going straight thru inter.while ped cross without ROW,"Crossing, no Traffic Control",Inattentive,,,,Yes,,Yes,,,,,Yes,,Yes,,,,31,Yorkdale-Glen Park (31),325
-8837241.37876715,5411444.59671003,7486701,1324513,2012,2012/11/07 05:00:00+00,1437,14,RICHMOND ST W,UNIVERSITY AVE,,Major Arterial,Toronto and East York,10,52,43.650045,-79.38629,Intersection,At Intersection,Traffic Signal,Clear,Daylight,Dry,Fatal,Cyclist Collisions,Cyclist,55 to 59,Fatal,38,West,Bicycle,Going Ahead,,,,,,"Cyclist without ROW rides into path of motorist at inter, lnwy, dwy-Cyclist not turn.",Disobeyed Traffic Control,Unknown,,Yes,Yes,,,,,Yes,,,,,,76,Bay Street Corridor (76),326
-8844143.29851582,5414753.06923913,7542674,1327099,2012,2012/11/23 05:00:00+00,643,6,DAVENPORT RD,LANSDOWNE AVE,,Minor Arterial,Toronto and East York,9,13,43.671546,-79.448291,Intersection,At Intersection,Traffic Signal,Clear,"Dark, artificial",Dry,Fatal,Cyclist Collisions,Cyclist,35 to 39,Fatal,39,North,Bicycle,Going Ahead,,,,,,"Cyclist without ROW rides into path of motorist at inter, lnwy, dwy-Cyclist not turn.",,,,Yes,Yes,,,,,,,Yes,Yes,,,92,Corso Italia-Davenport (92),327
-8826521.31180375,5436031.40913571,7516276,1327765,2012,2012/11/27 05:00:00+00,1720,17,MIDLAND AVE,KILCULLEN CASTLE GT,,Major Arterial,Scarborough,,42,43.809645,-79.28999,Intersection,,No Control,Clear,"Dark, artificial",Dry,Fatal,Pedestrian Collisions,Pedestrian,40 to 44,Fatal,40,Unknown,Other,,,,Pedestrian hit at mid-block,"Crossing, no Traffic Control",Unknown,,,,Yes,,Yes,,,,,,,,,,,129,Agincourt North (129),328
-8840369.45645844,5423544.95211865,7516539,1329059,2012,2012/12/03 05:00:00+00,1507,15,ELM RD,FAIRLAWN AVE,,Collector,North York,8,32,43.728645,-79.41439,Intersection,At Intersection,Stop Sign,Clear,Daylight,Dry,Fatal,Pedestrian Collisions,Pedestrian,85 to 89,Fatal,41,East,Other,,,,Vehicle is going straight thru inter.while ped cross with ROW,Crossing with right of way,Normal,,,,Yes,,Yes,,,,,,,Yes,,,,105,Lawrence Park North (105),329
-8813574.8550245,5430911.45799643,7503913,1331849,2012,2012/12/18 05:00:00+00,2100,21,KINGSTON RD,BEECHGROVE DR,,Major Arterial,Scarborough,25,43,43.776445,-79.17369,Intersection,At Intersection,No Control,Clear,Dark,Dry,Fatal,Pedestrian Collisions,Pedestrian,55 to 59,Fatal,42,North,Other,,,,Pedestrian hit at mid-block,"Crossing, no Traffic Control",Unknown,,,,Yes,,Yes,,,,,,,,,,,136,West Hill (136),330
-8826766.2146835,5431821.12104976,7560299,1332258,2012,2012/12/20 05:00:00+00,748,7,SHEPPARD AVE E,ALLANFORD RD,,Major Arterial,Scarborough,22,42,43.782345,-79.29219,Mid-Block,,No Control,Clear,Daylight,Dry,Fatal,Pedestrian Collisions,Pedestrian,65 to 69,Fatal,43,Unknown,Other,,,,Pedestrian hit at mid-block,"Crossing, no Traffic Control",Normal,,,,Yes,,Yes,,,,,,,,,,,118,Tam O'Shanter-Sullivan (118),331
-8824139.07470078,5424346.04420092,7504890,1332261,2012,2012/12/20 05:00:00+00,2015,20,KENNEDY Rd,TREVERTON Dr,,Major Arterial,Scarborough,21,41,43.733845,-79.26859,Intersection,,No Control,Rain,"Dark, artificial",Wet,Fatal,Pedestrian Collisions,Pedestrian,15 to 19,Fatal,44,Unknown,Other,Unknown,,,Pedestrian hit at mid-block,"Crossing, no Traffic Control",Unknown,,,,Yes,,Yes,,,,,Yes,,,,,,125,Ionview (125),332
-8818183.59326283,5437434.95754804,7774165,1334928,2013,2013/01/10 05:00:00+00,1851,18,MORNINGSIDE AVE,OLD FINCH AVE,,Minor Arterial,Scarborough,25,42,43.818743,-79.215091,Intersection,At Intersection,Traffic Signal,Clear,Dark,Dry,Fatal,Turning Movement,Driver,70 to 74,Fatal,1,North,"Automobile, Station Wagon",Going Ahead,Disobeyed Traffic Control,Unknown,,,,,,,,,Yes,,,Yes,,,Yes,Yes,Yes,,,131,Rouge (131),333
-8837731.07320715,5416030.08941456,7775216,1335553,2013,2013/01/15 05:00:00+00,1438,14,YONGE ST,MARLBOROUGH AVE,,Major Arterial,Toronto and East York,11,53,43.679843,-79.390689,Intersection,At Intersection,Stop Sign,Clear,Daylight,Dry,Fatal,Pedestrian Collisions,Pedestrian,75 to 79,Fatal,3,West,,,,,Vehicle turns left while ped crosses without ROW at inter.,Crossing without right of way,Inattentive,,,,Yes,,Yes,,,,,Yes,,,,,,98,Rosedale-Moore Park (98),334
-8825485.92921988,5423652.94143751,7777325,1336921,2013,2013/01/23 05:00:00+00,1556,15,EGLINTON AVE E,SINNOTT RD,,Major Arterial,Scarborough,,41,43.729346,-79.280689,Intersection,At Intersection,Traffic Signal,Clear,Daylight,Dry,Fatal,Pedestrian Collisions,Pedestrian,45 to 49,Fatal,2,North,,,,,Pedestrian involved in a collision with transit vehicle anywhere along roadway,Crossing with right of way,Normal,,,,Yes,,,,,Yes,,,,Yes,Yes,,,120,Clairlea-Birchmount (120),335
-8824317.29720554,5420972.37629366,7780425,1338700,2013,2013/02/02 05:00:00+00,1041,10,550 BIRCHMOUNT RD,,,Minor Arterial,Scarborough,20,41,43.711943,-79.270191,Mid-Block,,No Control,Snow,Daylight,Wet,Fatal,Pedestrian Collisions,Pedestrian,65 to 69,Fatal,4,South,,,,,Pedestrian hit at private driveway,Crossing with right of way,Normal,,,,Yes,,Yes,,,,,,,Yes,,,,120,Clairlea-Birchmount (120),336
-8842517.69999177,5411398.44250374,7781197,1339180,2013,2013/02/06 05:00:00+00,1045,10,DUNDAS ST W,SHERIDAN AVE,,Minor Arterial,Toronto and East York,9,11,43.649745,-79.433688,Intersection,At Intersection,Traffic Signal,Clear,Daylight,Dry,Fatal,Pedestrian Collisions,Pedestrian,80 to 84,Fatal,5,North,,,,,Vehicle is going straight thru inter.while ped cross without ROW,Crossing without right of way,Unknown,,,,Yes,,,,Yes,,,,,,,,,84,Little Portugal (84),337
-8816276.02246859,5442070.28462597,80546946,6001433140,2016,2016/08/14 04:00:00+00,250,2,STEELES AVE E,REESOR RD,,Minor Arterial,Scarborough,25,42,43.84878,-79.197955,Mid-Block,Non Intersection,No Control,Clear,Dark,Dry,Fatal,Approaching,Driver,20 to 24,Fatal,52,East,"Automobile, Station Wagon",Going Ahead,Driving Properly,Normal,,,,,,,,,Yes,,,,,Yes,Yes,Yes,,,,131,Rouge (131),338
-8833454.84628781,5433487.42487163,80546834,6001466377,2016,2016/08/19 04:00:00+00,904,9,FINCH AVE E,SKYMARK DR,,Major Arterial,North York,17,33,43.793151,-79.352275,Intersection,Intersection Related,Traffic Signal,Clear,Daylight,Dry,Fatal,Pedestrian Collisions,Pedestrian,80 to 84,Fatal,53,North,,,,,Pedestrian hit at mid-block,"Crossing, no Traffic Control",Other,,,,Yes,,Yes,,,,,Yes,,,,,,47,Don Valley Village (47),339
-8829389.23584506,5434044.4686814,80565040,6001535813,2016,2016/08/30 04:00:00+00,630,6,WARDEN AVE,FINCH AVE E,25M,Major Arterial,Scarborough,22,42,43.796763,-79.315753,Intersection,At Intersection,Traffic Signal,Clear,Daylight,Dry,Fatal,Rear End,Passenger,25 to 29,Fatal,54,,,,,,,,,,,,,,Yes,,,Yes,,Yes,,,,,,117,L'Amoreaux (117),340
-8836257.53710752,5410217.12713164,80565107,6001553958,2016,2016/09/01 04:00:00+00,2230,22,BAY ST,HARBOUR ST,,Major Arterial,Toronto and East York,10,52,43.642066,-79.377452,Intersection,Intersection Related,Traffic Signal,Clear,"Dark, artificial",Dry,Fatal,Turning Movement,Motorcycle Driver,30 to 34,Fatal,56,North,Motorcycle,Going Ahead,Driving Properly,Unknown,,,,,,,,,Yes,Yes,,,,,,,,,,77,Waterfront Communities-The Island (77),341
-8836808.79122592,5416165.69756438,80565103,6001573551,2016,2016/09/05 04:00:00+00,220,2,MOUNT PLEASANT RD,ROXBOROUGH DR,,Major Arterial,Toronto and East York,11,53,43.680724,-79.382404,Intersection,At Intersection,No Control,Clear,Dark,Dry,Fatal,SMV Other,Passenger,25 to 29,Fatal,55,,,,,,,,,,,,,,Yes,,,,,Yes,Yes,Yes,,Yes,,98,Rosedale-Moore Park (98),342
-8848004.192415,5427564.05413788,80565332,6001648005,2016,2016/09/16 04:00:00+00,1242,12,110 ST REGIS CRES,,,Local,North York,6,31,43.754729,-79.482974,Mid-Block,At/Near Private Drive,No Control,Clear,Daylight,Dry,Fatal,Pedestrian Collisions,Pedestrian,80 to 84,Fatal,57,Unknown,,,,,Vehicle is reversing and hits pedestrian,On Sidewalk or Shoulder,Unknown,,,,Yes,,Yes,,,,,,,Yes,,,,27,York University Heights (27),343