X,Y,Index_,ACCNUM,YEAR,DATE,TIME,HOUR,STREET1,STREET2,OFFSET,ROAD_CLASS,District,WardNum,Division,LATITUDE,LONGITUDE,LOCCOORD,ACCLOC,TRAFFCTL,VISIBILITY,LIGHT,RDSFCOND,ACCLASS,IMPACTYPE,INVTYPE,INVAGE,INJURY,FATAL_NO,INITDIR,VEHTYPE,MANOEUVER,DRIVACT,DRIVCOND,PEDTYPE,PEDACT,PEDCOND,CYCLISTYPE,CYCACT,CYCCOND,PEDESTRIAN,CYCLIST,AUTOMOBILE,MOTORCYCLE,TRUCK,TRSN_CITY_VEH,EMERG_VEH,PASSENGER,SPEEDING,AG_DRIV,REDLIGHT,ALCOHOL,DISABILITY,Hood_ID,Neighbourhood,ObjectId
-8841846.77742075,5416243.12286075,80785526,6001682532,2016,2016/09/21 04:00:00+00,1735,17,ST CLAIR AVE W,RUSHTON RD,23 m West of,Major Arterial,Toronto and East York,12,13,43.681227,-79.427661,Intersection,Intersection Related,No Control,Clear,Daylight,Dry,Fatal,Pedestrian Collisions,Pedestrian,65 to 69,Fatal,78,South,,,,,Pedestrian hit at mid-block,"Crossing, no Traffic Control",Had Been Drinking,,,,Yes,,Yes,,,,,Yes,,,,,,94,Wychwood (94),344
-8847578.72932119,5414508.82865469,80565309,6001731128,2016,2016/09/29 04:00:00+00,1040,10,2336 ST CLAIR AVE W,,,Major Arterial,Etobicoke York,5,12,43.669959,-79.479152,Mid-Block,Non Intersection,No Control,Rain,Daylight,Wet,Fatal,Sideswipe,Driver,70 to 74,Fatal,58,West,"Automobile, Station Wagon",Going Ahead,Driving Properly,Normal,,,,,,,,,Yes,,,,,Yes,Yes,Yes,,,,90,Junction Area (90),345
-8841777.20273901,5419235.9618347,80565361,6001741045,2016,2016/09/30 04:00:00+00,1928,19,EGLINTON AVE W,CHILTERN HILL RD,,Major Arterial,North York,,13,43.700667,-79.427036,Mid-Block,Non Intersection,No Control,Clear,Dark,Dry,Fatal,Pedestrian Collisions,Pedestrian,Over 95,Fatal,61,North,,,,,Pedestrian hit at mid-block,"Crossing, no Traffic Control",Normal,,,,Yes,,Yes,,,,,,,,,,,106,Humewood-Cedarvale (106),346
-8822554.99834679,5424574.98444819,80565364,6001750735,2016,2016/10/02 04:00:00+00,1058,10,EGLINTON AVE E,WINTER AVE,,Major Arterial,Scarborough,,41,43.735331,-79.25436,Intersection,Intersection Related,Stop Sign,Clear,Daylight,Dry,Fatal,Pedestrian Collisions,Pedestrian,80 to 84,Fatal,60,South,,,,,Vehicle turns left while ped crosses without ROW at inter.,Crossing without right of way,Medical or Physical Disability,,,,Yes,,Yes,,,,,Yes,,,,,,138,Eglinton East (138),347
-8823203.76833913,5424377.47307745,80565355,6001753301,2016,2016/10/02 04:00:00+00,1940,19,EGLINTON AVE E,MIDLAND AVE,,Major Arterial,Scarborough,,41,43.734049,-79.260188,Intersection,Non Intersection,No Control,Rain,"Dark, artificial",Wet,Fatal,Pedestrian Collisions,Pedestrian,70 to 74,Fatal,59,South,,,,,Pedestrian hit at mid-block,Crossing without right of way,Inattentive,,,,Yes,,Yes,,,,,,,,,,,124,Kennedy Park (124),348
-8832202.16805791,5427828.67615926,80565388,6001807391,2016,2016/10/11 04:00:00+00,1152,11,8 SILVERDALE CRES,,,Collector,North York,16,33,43.756446,-79.341022,Mid-Block,At/Near Private Drive,No Control,Clear,Daylight,Dry,Fatal,Pedestrian Collisions,Pedestrian,80 to 84,Fatal,62,South,,,,,Pedestrian hit on sidewalk or shoulder,On Sidewalk or Shoulder,Normal,,,,Yes,,Yes,,,,,,,,,,,45,Parkwoods-Donalda (45),349
-8842215.35625477,5415240.33849623,80565929,6001813893,2016,2016/10/12 04:00:00+00,1109,11,DAVENPORT RD,OSSINGTON AVE,,Minor Arterial,Toronto and East York,,13,43.674712,-79.430972,Intersection,Intersection Related,Traffic Signal,Clear,Daylight,Dry,Fatal,Pedestrian Collisions,Pedestrian,Over 95,Fatal,64,North,,,,,Vehicle turns left while ped crosses with ROW at inter.,Crossing with right of way,Normal,,,,Yes,,Yes,,,,,,,Yes,,,,94,Wychwood (94),350
-8822971.11060338,5424449.88315146,80565835,6001813950,2016,2016/10/12 04:00:00+00,1117,11,EGLINTON AVE E,MIDLAND AVE,,Major Arterial,Scarborough,,41,43.734519,-79.258098,Intersection,Intersection Related,Traffic Signal,Clear,Daylight,Dry,Fatal,Pedestrian Collisions,Pedestrian,40 to 44,Fatal,63,Unknown,,,,,Pedestrian hit at mid-block,Playing or Working on Highway,Normal,,,,Yes,,Yes,,,,,,Yes,Yes,Yes,,,124,Kennedy Park (124),351
-8835657.07977417,5420994.09124196,80565853,6001868616,2016,2016/10/20 04:00:00+00,1922,19,EGLINTON AVE E,HANNA RD,,Major Arterial,North York,15,53,43.712084,-79.372058,Intersection,Non Intersection,No Control,Rain,Dark,Wet,Fatal,Pedestrian Collisions,Pedestrian,60 to 64,Fatal,65,Unknown,,,,,Pedestrian hit at mid-block,"Crossing, no Traffic Control",Inattentive,,,,Yes,,Yes,,,,,Yes,,Yes,,,,56,Leaside-Bennington (56),352
-8833110.08982483,5410115.60166836,80566372,6001911469,2016,2016/10/27 04:00:00+00,1549,15,CHERRY ST,POLSON ST,,Collector,Toronto and East York,14,51,43.641406,-79.349178,Mid-Block,Overpass or Bridge,No Control,Rain,Daylight,Wet,Fatal,SMV Other,Driver,50 to 54,Fatal,66,North,"Automobile, Station Wagon",Going Ahead,Lost control,Unknown,,,,,,,,,Yes,,,,,,Yes,Yes,,,,70,South Riverdale (70),353
-8827357.76645757,5423082.35312021,80565930,6001927266,2016,2016/10/30 04:00:00+00,227,2,PHARMACY AVE,EGLINTON AVE E,,Major Arterial,Scarborough,,41,43.725642,-79.297504,Intersection,Intersection Related,No Control,Clear,Dark,Dry,Fatal,SMV Other,Driver,30 to 34,Fatal,67,North,"Automobile, Station Wagon",Going Ahead,Lost control,Had Been Drinking,,,,,,,,,Yes,,,,,,Yes,Yes,,,,119,Wexford/Maryvale (119),354
-8842688.46409064,5408834.6307253,80566412,6001932941,2016,2016/10/31 04:00:00+00,257,2,F G GARDINER XY  E,JAMESON AVE,,,Toronto and East York,4,14,43.633078,-79.435222,Mid-Block,Non Intersection,No Control,Clear,Dark,Dry,Fatal,SMV Other,Driver,25 to 29,Fatal,68,East,"Automobile, Station Wagon",Going Ahead,Lost control,Unknown,,,,,,,,,Yes,,,,,,Yes,Yes,,,,85,South Parkdale (85),355
-8839823.76831457,5412375.57627509,80566371,6001951366,2016,2016/11/02 04:00:00+00,1948,19,486 COLLEGE ST,,,Major Arterial,Toronto and East York,11,14,43.656096,-79.409488,Mid-Block,Non Intersection,No Control,Rain,"Dark, artificial",Wet,Fatal,Pedestrian Collisions,Pedestrian,65 to 69,Fatal,69,North,,,,,Pedestrian hit at mid-block,"Crossing, no Traffic Control",Inattentive,,,,Yes,,Yes,,,,,,,,,,,81,Trinity-Bellwoods (81),356
-8850761.91016042,5411154.29058775,80566416,6001974222,2016,2016/11/06 04:00:00+00,1155,11,BLOOR ST W,GRENVIEW BLVD N,,Major Arterial,Etobicoke York,3,22,43.648158,-79.507747,Intersection,At Intersection,Stop Sign,Clear,Daylight,Dry,Fatal,Pedestrian Collisions,Pedestrian,Over 95,Fatal,70,East,,,,,Vehicle turns right while ped crosses with ROW at inter.,Crossing with right of way,Other,,,,Yes,,Yes,,,,,,,Yes,,,,16,Stonegate-Queensway (16),357
-8822526.94583511,5426910.93105686,80566422,6002001573,2016,2016/11/10 05:00:00+00,1732,17,BRIMLEY RD,GAGE AVE,,Major Arterial,Scarborough,21,43,43.750491,-79.254108,Mid-Block,Non Intersection,No Control,Clear,"Dark, artificial",Dry,Fatal,Pedestrian Collisions,Pedestrian,60 to 64,Fatal,71,West,,,,,Pedestrian hit at mid-block,"Crossing, no Traffic Control",Inattentive,,,,Yes,,Yes,,,,,,,,,,,127,Bendale (127),358
-8828120.416289,5431380.92543122,80566635,6002021851,2016,2016/11/14 05:00:00+00,814,8,ARAGON AVE,SHEPPARD AVE E,,Major Arterial,Scarborough,22,42,43.77949,-79.304355,Intersection,At Intersection,Traffic Signal,Clear,Daylight,Dry,Fatal,Pedestrian Collisions,Pedestrian,75 to 79,Fatal,72,East,,,,,Vehicle turns right while ped crosses with ROW at inter.,Crossing with right of way,Normal,,,,Yes,,Yes,,,,,,,Yes,,,,118,Tam O'Shanter-Sullivan (118),359
-8835837.19471028,5412634.3778705,80566636,6002089290,2016,2016/11/24 05:00:00+00,2010,20,300 GEORGE ST,,,Local,Toronto and East York,13,51,43.657778,-79.373676,Mid-Block,At/Near Private Drive,No Control,Clear,Dark,Wet,Fatal,Pedestrian Collisions,Pedestrian,70 to 74,Fatal,73,Unknown,,,,,Pedestrian hit at private driveway,Other,Unknown,,,,Yes,,Yes,,,,,,,,,,,73,Moss Park (73),360
-8835500.7872091,5414812.9376395,80566642,6002114627,2016,2016/11/28 05:00:00+00,2153,21,BLOOR ST E,PARLIAMENT ST,,Major Arterial,Toronto and East York,13,51,43.671935,-79.370654,Intersection,At Intersection,Traffic Signal,Clear,Dark,Dry,Fatal,SMV Other,Passenger,25 to 29,Fatal,74,,,,,,,,,,,,,,Yes,,,,,Yes,Yes,Yes,,,,71,Cabbagetown-South St.James Town (71),361
-8829373.98507482,5418633.31326961,80566657,6002131954,2016,2016/12/01 05:00:00+00,1335,13,COSBURN AVE,CEDARVALE AVE,,Collector,Toronto and East York,19,54,43.696753,-79.315616,Intersection,At Intersection,Pedestrian Crossover,Clear,Daylight,Dry,Fatal,Pedestrian Collisions,Pedestrian,65 to 69,Fatal,75,North,,,,,Pedestrian hit a PXO/ped. Mid-block signal,"Crossing, Pedestrian Crossover",Normal,,,,Yes,,Yes,,,,,,,Yes,,,,60,Woodbine-Lumsden (60),362
-8842969.5458049,5427246.57937875,80566649,6002160952,2016,2016/12/06 05:00:00+00,712,7,BATHURST ST,REINER RD,,Major Arterial,North York,6,32,43.752669,-79.437747,Mid-Block,At Intersection,No Control,Clear,Daylight,Dry,Fatal,Pedestrian Collisions,Pedestrian,85 to 89,Fatal,76,East,,,,,Pedestrian hit at mid-block,"Crossing, no Traffic Control",Unknown,,,,Yes,,Yes,,,,,,,,,,,38,Lansing-Westgate (38),363
-8826596.78641851,5436265.11333968,80566658,6002208039,2016,2016/12/13 05:00:00+00,1440,14,MIDLAND AVE,KILCULLEN CASTLE GT,,Major Arterial,Scarborough,,42,43.81116,-79.290668,Mid-Block,Non Intersection,No Control,Clear,Daylight,Dry,Fatal,Pedestrian Collisions,Pedestrian,70 to 74,Fatal,77,West,,,,,Pedestrian hit at mid-block,"Crossing, no Traffic Control",Normal,,,,Yes,,Yes,,,,,,,,,,,129,Agincourt North (129),364
-8835122.85753786,5411279.82725112,80609323,7000012031,2017,2017/01/03 05:00:00+00,717,7,LOWER SHERBOURNE ST,THE ESPLANADE,,Minor Arterial,Toronto and East York,,51,43.648974,-79.367259,Intersection,At Intersection,Traffic Signal,Rain,Dark,Wet,Fatal,Pedestrian Collisions,Pedestrian,80 to 84,Fatal,1,West,,,,,Vehicle is going straight thru inter.while ped cross without ROW,Crossing without right of way,Normal,,,,Yes,,Yes,,,,,,,,,,,77,Waterfront Communities-The Island (77),365
-8826263.82982155,5429022.11255631,80609326,7000045777,2017,2017/01/08 05:00:00+00,1829,18,ELLESMERE RD,MONDEO DR,,Major Arterial,Scarborough,21,41,43.764189,-79.287677,Intersection,At Intersection,Traffic Signal,Clear,"Dark, artificial",Dry,Fatal,Pedestrian Collisions,Pedestrian,75 to 79,Fatal,2,North,,,,,Vehicle is going straight thru inter.while ped cross without ROW,Crossing without right of way,Inattentive,,,,Yes,,Yes,,,,,,,,,,,126,Dorset Park (126),366
-8854583.73091834,5402622.2557625,80609330,7000125598,2017,2017/01/21 05:00:00+00,40,4,BROWNS LINE,LAKESHORE W BROWNS LI RAMP,20 m North,Major Arterial,Etobicoke York,3,22,43.592673,-79.542079,Mid-Block,Non Intersection,No Control,"Fog, Mist, Smoke, Dust","Dark, artificial",Wet,Fatal,SMV Other,Driver,20 to 24,Fatal,3,South,Delivery Van,Going Ahead,Lost control,Had Been Drinking,,,,,,,,,Yes,,,,,,Yes,Yes,,,,19,Long Branch (19),367
-8854611.78343002,5427146.09935309,80631859,7000155315,2017,2017/01/25 05:00:00+00,1440,14,FINCH AVE W,WESTON RD,,Major Arterial,Etobicoke York,7,31,43.752017,-79.542331,Intersection,At Intersection,Traffic Signal,Clear,Daylight,Wet,Fatal,Angle,Driver,85 to 89,Fatal,6,South,"Automobile, Station Wagon",Going Ahead,Disobeyed Traffic Control,Medical or Physical Disability,,,,,,,,,Yes,,Yes,,,,,Yes,Yes,,Yes,22,Humbermede (22),368
-8838281.43676963,5409585.07235132,80609331,7000178103,2017,2017/01/29 05:00:00+00,110,1,F G GARDINER XY  E,SPADINA AVE,350 m West,Major Arterial,Toronto and East York,10,14,43.637957,-79.395633,Mid-Block,Non Intersection,No Control,Clear,Dark,Dry,Fatal,Pedestrian Collisions,Pedestrian,15 to 19,Fatal,4,West,,,,,Pedestrian hit at mid-block,Walking on Roadway Against Traffic,Other,,,,Yes,,Yes,,,,,,,,,,,77,Waterfront Communities-The Island (77),369
-8846856.8224234,5408899.22875553,80681699,7000178684,2017,2017/01/29 05:00:00+00,345,3,F G GARDINER XY  W,SOUTH KINGSWAY RAMP,55 m West of,Major Arterial,Toronto and East York,4,11,43.633498,-79.472667,Mid-Block,Non Intersection,No Control,Clear,"Dark, artificial",Dry,Fatal,Rear End,Driver,20 to 24,Fatal,9,West,"Automobile, Station Wagon",Going Ahead,Lost control,"Ability Impaired, Alcohol Over .08",,,,,,,,,Yes,,,,,,Yes,Yes,,Yes,,85,South Parkdale (85),370
-8822090.35079222,5425458.44509612,80609336,7000203536,2017,2017/02/02 05:00:00+00,219,2,BRIMLEY RD,ELGAR AVE,,Major Arterial,Scarborough,21,43,43.741065,-79.250186,Intersection,At Intersection,Stop Sign,Clear,Dark,Wet,Fatal,Turning Movement,Driver,25 to 29,Fatal,5,South,"Automobile, Station Wagon",Going Ahead,Driving Properly,Unknown,,,,,,,,,Yes,,,,,,Yes,Yes,,,,138,Eglinton East (138),371
-8852089.39508813,5404482.2248247,80632485,7000303904,2017,2017/02/18 05:00:00+00,29,2,KIPLING AVE,NEW TORONTO ST,112 m North,Major Arterial,Etobicoke York,3,22,43.604773,-79.519672,Mid-Block,Underpass or Tunnel,No Control,Clear,"Dark, artificial",Dry,Fatal,SMV Other,Driver,30 to 34,Fatal,7,South,Pick Up Truck,Going Ahead,Failed to Yield Right of Way,Had Been Drinking,,,,,,,,,Yes,,,,,Yes,Yes,Yes,,,,17,Mimico (includes Humber Bay Shores) (17),372
-8836627.00649746,5411410.13488087,80657505,7000337302,2017,2017/02/23 05:00:00+00,1022,10,ADELAIDE ST W,BAY ST,,Major Arterial,Toronto and East York,,52,43.649821,-79.380771,Intersection,At Intersection,Traffic Signal,Clear,"Daylight, artificial",Dry,Fatal,Pedestrian Collisions,Pedestrian,75 to 79,Fatal,8,East,,,,,Vehicle turns right while ped crosses with ROW at inter.,Crossing with right of way,Normal,,,,Yes,,Yes,,,,,,,Yes,,,,76,Bay Street Corridor (76),373
-8850972.52663701,5425232.71855464,80681738,7000395986,2017,2017/03/04 05:00:00+00,1001,10,SHEPPARD AVE W,MAGELLAN DR,,Major Arterial,Etobicoke York,,31,43.7396,-79.509639,Intersection,At Intersection,Traffic Signal,Clear,Daylight,Dry,Fatal,Pedestrian Collisions,Pedestrian,5 to 9,Fatal,11,North,,,,,Vehicle is going straight thru inter.while ped cross with ROW,Crossing with right of way,Normal,,,,Yes,,Yes,,,,,,,Yes,Yes,,,25,Glenfield-Jane Heights (25),374
-8862368.414229,5422279.67642421,80681743,7000396718,2017,2017/03/04 05:00:00+00,1249,12,REXDALE BLVD,RAMP TO ENTRANCE RD,6.5 m West of,Major Arterial,Etobicoke York,1,23,43.720431,-79.61201,Mid-Block,Non Intersection,No Control,Clear,Daylight,Dry,Fatal,Pedestrian Collisions,Pedestrian,90 to 94,Fatal,14,South,,,,,Pedestrian hit at mid-block,"Crossing, no Traffic Control",Inattentive,,,,Yes,,Yes,,,,,,,,,,,1,West Humber-Clairville (1),375
-8846754.0745334,5411753.98969193,80681701,7000416403,2017,2017/03/07 05:00:00+00,1538,15,BLOOR ST W,KENNEDY PARK RD,8.6 m East of,Major Arterial,Toronto and East York,4,11,43.652056,-79.471744,Intersection,Intersection Related,No Control,Clear,Daylight,Dry,Fatal,Approaching,Passenger,35 to 39,Fatal,10,,"Automobile, Station Wagon",,,,,,,,,,,,Yes,,,,,Yes,Yes,Yes,,,,87,High Park-Swansea (87),376
-8836418.05981324,5414151.3287194,80681705,7000485980,2017,2017/03/18 04:00:00+00,1932,19,JARVIS ST,EARL PL,30 m South of,Major Arterial,Toronto and East York,13,51,43.667636,-79.378894,Mid-Block,Intersection Related,No Control,Rain,"Dark, artificial",Wet,Fatal,Pedestrian Collisions,Pedestrian,60 to 64,Fatal,12,East,,,,,Pedestrian hit at mid-block,"Crossing, no Traffic Control",Medical or Physical Disability,,,,Yes,,Yes,,,,,,,,,,,74,North St.James Town (74),377
-8838516.65485367,5426079.7223652,80681740,7000487878,2017,2017/03/19 04:00:00+00,255,2,106 YORK MILLS RD,,,Major Arterial,North York,15,32,43.745097,-79.397746,Mid-Block,Non Intersection,No Control,Clear,"Dark, artificial",Wet,Fatal,SMV Other,Driver,45 to 49,Fatal,13,West,"Automobile, Station Wagon",Going Ahead,Driving Properly,Normal,,,,,,,,,Yes,,,,,,Yes,Yes,,,,41,Bridle Path-Sunnybrook-York Mills (41),378
-8822207.57021602,5419320.03397443,80741710,7000606743,2017,2017/04/06 04:00:00+00,1403,14,CLIFFSIDE DR,FOLCROFT AVE,10 m North of,Local,Scarborough,20,41,43.701213,-79.251239,Intersection,Intersection Related,No Control,Rain,Daylight,Wet,Fatal,Other,Passenger,55 to 59,Fatal,15,,,,,,,,,,,,,,,,Yes,,,Yes,,,,,,122,Birchcliffe-Cliffside (122),379
-8845321.28136739,5424064.88376939,80741712,7000637893,2017,2017/04/11 04:00:00+00,1056,10,WILSON AVE,DUFFERIN ST,10 m west,Major Arterial,North York,6,32,43.73202,-79.458873,Intersection,At Intersection,Traffic Signal,Clear,Daylight,Dry,Fatal,Pedestrian Collisions,Pedestrian,50 to 54,Fatal,16,East,,,,,Vehicle turns right while ped crosses with ROW at inter.,Crossing with right of way,Normal,,,,Yes,,,,Yes,,,,,Yes,,,,33,Clanton Park (33),380
-8836628.67628982,5433824.39225585,80741716,7000649054,2017,2017/04/13 04:00:00+00,144,1,CUMMER AVE,SNOWCREST AVE,150 m East,Collector,North York,17,33,43.795336,-79.380786,Mid-Block,Non Intersection,No Control,Clear,"Dark, artificial",Dry,Fatal,SMV Other,Driver,25 to 29,Fatal,17,East,"Automobile, Station Wagon",Going Ahead,Lost control,Unknown,,,,,,,,,Yes,,,,,Yes,Yes,Yes,,,,49,Bayview Woods-Steeles (49),381
-8838478.47226833,5411640.13925474,80741714,7000659290,2017,2017/04/14 04:00:00+00,1805,18,SPADINA AVE,SULLIVAN ST,50 m North,Major Arterial,Toronto and East York,10,52,43.651316,-79.397403,Mid-Block,Non Intersection,No Control,Clear,Daylight,Dry,Fatal,Pedestrian Collisions,Pedestrian,65 to 69,Fatal,18,East,,,,,Pedestrian involved in a collision with transit vehicle anywhere along roadway,"Crossing, no Traffic Control",Had Been Drinking,,,,Yes,,,,,Yes,,,,,,,,78,Kensington-Chinatown (78),382
-8814174.86707987,5433580.26316846,80741749,7000701050,2017,2017/04/21 04:00:00+00,1530,15,HALFMOON SQ,CANMORE BLVD,north of,Collector,Scarborough,25,43,43.793753,-79.17908,Intersection,Intersection Related,No Control,Clear,"Daylight, artificial",Dry,Fatal,Pedestrian Collisions,Pedestrian,5 to 9,Fatal,19,East,,,,,Vehicle hits the pedestrian walking or running out from between parked vehicles at mid-block,Running onto Roadway,Inattentive,,,,Yes,,Yes,,,,,,,,,,,134,Highland Creek (134),383
-8834994.61748447,5431753.8954202,80741751,7000734516,2017,2017/04/26 04:00:00+00,1857,18,LESLIE ST,CORNING RD,,Major Arterial,North York,17,33,43.781909,-79.366107,Intersection,At/Near Private Drive,No Control,Clear,Daylight,Dry,Fatal,Angle,Motorcycle Driver,30 to 34,Fatal,20,South,Motorcycle,Going Ahead,Driving Properly,Unknown,,,,,,,,,Yes,Yes,,,,,,Yes,,,,47,Don Valley Village (47),384
-8817802.21268737,5437105.41763042,80741774,7000795019,2017,2017/05/05 04:00:00+00,2359,23,MORNINGSIDE AVE,SEWELLS RD,north of,Minor Arterial,Scarborough,25,42,43.816607,-79.211665,Mid-Block,Non Intersection,No Control,Clear,"Dark, artificial",,Fatal,Approaching,Driver,70 to 74,Fatal,21,,,,,,,,,,,,,,Yes,,,,,Yes,,,,,,131,Rouge (131),385
-8844026.07909201,5424449.26689312,80741775,7000811654,2017,2017/05/08 04:00:00+00,1815,18,WILSON AVE,WILSON HEIGHTS BLVD,,Major Arterial,North York,6,32,43.734515,-79.447238,Intersection,At Intersection,Traffic Signal,Clear,Daylight,Dry,Fatal,Turning Movement,Motorcycle Driver,25 to 29,Fatal,22,North,Motorcycle,Going Ahead,Driving Properly,Normal,,,,,,,,,Yes,Yes,,,,,,Yes,,,,33,Clanton Park (33),386
-8828873.7152832,5428180.23294178,80741778,7000861875,2017,2017/05/16 04:00:00+00,1135,11,95 ELLESMERE RD,,,Major Arterial,Scarborough,21,41,43.758727,-79.311122,Mid-Block,Non Intersection,No Control,Clear,Daylight,Dry,Fatal,SMV Other,Driver,80 to 84,Fatal,23,East,"Automobile, Station Wagon",Going Ahead,Lost control,Medical or Physical Disability,,,,,,,,,Yes,,,,,,,,,,Yes,119,Wexford/Maryvale (119),387
-8843372.96763953,5409196.69313022,80741779,7000917334,2017,2017/05/24 04:00:00+00,1815,18,1395 LAKE SHORE BLVD W,,,Major Arterial,Toronto and East York,4,14,43.635432,-79.441371,Mid-Block,Non Intersection,No Control,Clear,Daylight,Dry,Fatal,Cyclist Collisions,Cyclist,5 to 9,Fatal,24,West,Bicycle,Going Ahead,,,,,,Insufficient information (to determine cyclist crash type).,Lost control,Normal,,Yes,,,,,,,,,,,,85,South Parkdale (85),388
-8837751.44467396,5431352.09373715,80756919,7000961019,2017,2017/05/31 04:00:00+00,950,9,BAYVIEW AVE,BURLEIGH HEIGHTS DR,,Major Arterial,North York,,33,43.779303,-79.390872,Intersection,At Intersection,No Control,Clear,Daylight,Dry,Fatal,Pedestrian Collisions,Pedestrian,15 to 19,Fatal,25,West,,,,,Vehicle is going straight thru inter.while ped cross without ROW,"Crossing, no Traffic Control",Normal,,,,Yes,,Yes,,,,,,,,,,,52,Bayview Village (52),389
-8822209.24000839,5420098.27653803,80756966,7000983227,2017,2017/06/03 04:00:00+00,1134,11,RIDGEMOOR AVE,KINGSTON RD,,Major Arterial,Scarborough,20,41,43.706267,-79.251254,Intersection,At Intersection,Traffic Signal,Clear,Daylight,Dry,Fatal,Pedestrian Collisions,Pedestrian,70 to 74,Fatal,26,Unknown,,,,,Vehicle turns left while ped crosses with ROW at inter.,Crossing with right of way,Normal,,,,Yes,,Yes,,,,,,,Yes,,,,122,Birchcliffe-Cliffside (122),390
-8820964.24282335,5433542.01737809,80756969,7001052989,2017,2017/06/13 04:00:00+00,1606,16,5085 SHEPPARD AVE E,,,Major Arterial,Scarborough,23,42,43.793505,-79.24007,Mid-Block,Non Intersection,No Control,Clear,Daylight,Dry,Fatal,Turning Movement,Passenger,0 to 4,Fatal,27,,,,,,,,,,,,,,Yes,,,,,Yes,,,,,,128,Agincourt South-Malvern West (128),391
-8849289.26461672,5415461.04945501,80757123,7001169974,2017,2017/06/30 04:00:00+00,1304,13,847 JANE ST,,,Collector,Etobicoke York,5,12,43.676146,-79.494518,Mid-Block,Non Intersection,No Control,Clear,Daylight,Dry,Fatal,Cyclist Collisions,Cyclist,70 to 74,Fatal,28,West,Bicycle,Going Ahead,,,,,,"Motorist turns right at non-signal Inter.(stop, yield, no cont.,and dwy) and strikes cyclist.",Driving Properly,Normal,,Yes,Yes,,,,,,,,,,,111,Rockcliffe-Smythe (111),392
-8835212.02444998,5416207.41170901,80757124,7001224899,2017,2017/07/08 04:00:00+00,2007,20,BAYVIEW AVE,BLOOR W BAYVIEW N RAMP,240 m North of,Major Arterial,Toronto and East York,11,53,43.680995,-79.36806,Mid-Block,Non Intersection,No Control,Clear,Daylight,Dry,Fatal,Turning Movement,Motorcycle Driver,35 to 39,Fatal,29,North,Motorcycle,Going Ahead,Driving Properly,Normal,,,,,,,,,Yes,Yes,,,,,,,,,,56,Leaside-Bennington (56),393
-8823185.17798417,5424373.46743037,80757181,7001287888,2017,2017/07/18 04:00:00+00,1054,10,EGLINTON AVE E,MIDLAND AVE,150 m West of,Major Arterial,Scarborough,,41,43.734023,-79.260021,Mid-Block,Non Intersection,No Control,Clear,Daylight,Dry,Fatal,Pedestrian Collisions,Pedestrian,70 to 74,Fatal,30,Unknown,,,,,Pedestrian involved in a collision with transit vehicle anywhere along roadway,Person Getting on/off Vehicle,Normal,,,,Yes,,,,,Yes,,,,,,,,124,Kennedy Park (124),394
-8848167.27546901,5411323.82702451,80757191,7001289449,2017,2017/07/18 04:00:00+00,1504,15,BLOOR ST W,JANE ST,,Major Arterial,Toronto and East York,4,11,43.64926,-79.484439,Intersection,At Intersection,Traffic Signal,Clear,Daylight,Dry,Fatal,Rear End,Motorcycle Driver,70 to 74,Fatal,31,East,Motorcycle,Going Ahead,Driving Properly,Unknown,,,,,,,,,,Yes,Yes,,,,,,,,,87,High Park-Swansea (87),395
-8818258.28864115,5428500.05182729,80757199,7001319124,2017,2017/07/22 04:00:00+00,2305,23,SCARBOROUGH GOLF CLUB RD,LAWRENCE AVE E,95 m South of,Minor Arterial,Scarborough,24,43,43.760802,-79.215762,Mid-Block,Non Intersection,No Control,Clear,"Dark, artificial",Dry,Fatal,Pedestrian Collisions,Pedestrian,80 to 84,Fatal,32,East,,,,,Pedestrian hit at mid-block,"Crossing, no Traffic Control",Normal,,,,Yes,,Yes,,,,,Yes,,,,,,137,Woburn (137),396
-8835538.19055801,5412702.54144688,80757204,7001372973,2017,2017/07/31 04:00:00+00,713,7,SHERBOURNE ST,DUNDAS ST E,,Major Arterial,Toronto and East York,13,51,43.658221,-79.37099,Intersection,At Intersection,Traffic Signal,Clear,Daylight,Dry,Fatal,Pedestrian Collisions,Pedestrian,70 to 74,Fatal,33,Unknown,,,,,Pedestrian hit on sidewalk or shoulder,On Sidewalk or Shoulder,Normal,,,,Yes,,Yes,,,,,,Yes,Yes,,,,73,Moss Park (73),397
-8815929.59621325,5435007.03708197,80780910,7001442419,2017,2017/08/10 04:00:00+00,1810,18,SHEPPARD AVE E,WATER TOWER GT,30  m East of,Major Arterial,Scarborough,25,42,43.803004,-79.194843,Intersection,At Intersection,Traffic Signal,Clear,Daylight,Dry,Fatal,Rear End,Driver,50 to 54,Fatal,34,West,"Automobile, Station Wagon",Going Ahead,Lost control,Unknown,,,,,,,,,Yes,,,Yes,,,,,,,,131,Rouge (131),398