X,Y,Index_,ACCNUM,YEAR,DATE,TIME,HOUR,STREET1,STREET2,OFFSET,ROAD_CLASS,District,WardNum,Division,LATITUDE,LONGITUDE,LOCCOORD,ACCLOC,TRAFFCTL,VISIBILITY,LIGHT,RDSFCOND,ACCLASS,IMPACTYPE,INVTYPE,INVAGE,INJURY,FATAL_NO,INITDIR,VEHTYPE,MANOEUVER,DRIVACT,DRIVCOND,PEDTYPE,PEDACT,PEDCOND,CYCLISTYPE,CYCACT,CYCCOND,PEDESTRIAN,CYCLIST,AUTOMOBILE,MOTORCYCLE,TRUCK,TRSN_CITY_VEH,EMERG_VEH,PASSENGER,SPEEDING,AG_DRIV,REDLIGHT,ALCOHOL,DISABILITY,Hood_ID,Neighbourhood,ObjectId
-8823968.97851884,5420474.17856826,80000022,141513588,2014,2014/02/12 05:00:00+00,127,1,DANFORTH RD,HIBBERTS DR,,Minor Arterial,Scarborough,20,41,43.708708,-79.267062,Intersection,,No Control,Clear,"Dark, artificial",Dry,Fatal,Pedestrian Collisions,Pedestrian,50 to 54,Fatal,3,Unknown,,,,,Other / Undefined,Other,Had Been Drinking,,,,Yes,,Yes,,,,,,,,,,,120,Clairlea-Birchmount (120),509
-8825980.18775901,5420849.017876,80000023,141518658,2014,2014/02/12 05:00:00+00,2017,20,ST CLAIR AVE E,HERRON AVE,,Major Arterial,Scarborough,20,41,43.711142,-79.285129,Mid-Block,,No Control,Clear,"Dark, artificial",Ice,Fatal,Pedestrian Collisions,Pedestrian,15 to 19,Fatal,4,South,,,,,Pedestrian hit at mid-block,"Crossing, no Traffic Control",Unknown,,,,Yes,,Yes,,,,,,Yes,Yes,,,,120,Clairlea-Birchmount (120),510
-8833298.55372274,5427598.11397231,80000024,141603063,2014,2014/02/26 05:00:00+00,1646,16,YORK MILLS RD,UPJOHN RD,,Major Arterial,North York,16,33,43.75495,-79.350871,Intersection,,No Control,Clear,Daylight,Dry,Fatal,Turning Movement,Driver,80 to 84,Fatal,5,East,"Automobile, Station Wagon",Going Ahead,Driving Properly,Normal,,,,,,,,,Yes,,,,,Yes,,Yes,,,,42,Banbury-Don Mills (42),511
-8850913.97258485,5412559.29081091,80000025,141649049,2014,2014/03/06 05:00:00+00,735,7,PRINCE EDWARD DR N,SHAND AVE,,Collector,Etobicoke York,3,22,43.65729,-79.509113,Intersection,,No Control,Snow,Daylight,Slush,Fatal,SMV Other,Driver,50 to 54,Fatal,6,South,"Automobile, Station Wagon",Pulling Onto Shoulder or towardCurb,Lost control,Unknown,,,,,,,,,Yes,,,,,,,,,,,15,Kingsway South (15),512
-8838751.98425721,5411828.60864487,80000026,141945030,2014,2014/04/23 04:00:00+00,1755,17,DUNDAS ST W,KENSINGTON AVE,,Major Arterial,Toronto and East York,,14,43.652541,-79.39986,Intersection,,No Control,Clear,"Daylight, artificial",Dry,Fatal,Pedestrian Collisions,Pedestrian,25 to 29,Fatal,7,South,,,,,Vehicle is going straight thru inter.while ped cross without ROW,"Crossing, no Traffic Control",Inattentive,,,,Yes,,Yes,,,,,,,,,,,78,Kensington-Chinatown (78),513
-8859203.15582779,5413047.67535575,80000027,142041479,2014,2014/05/08 04:00:00+00,2108,21,RENFORTH DR,ERINGATE DR,,Minor Arterial,Etobicoke York,2,22,43.660464,-79.583576,Mid-Block,,No Control,Clear,"Dusk, artificial",Dry,Fatal,Turning Movement,Motorcycle Driver,20 to 24,Fatal,8,North,Motorcycle,Going Ahead,Exceeding Speed Limit,Unknown,,,,,,,,,Yes,Yes,,,,,Yes,Yes,,,,11,Eringate-Centennial-West Deane (11),514
-8838893.80528848,5411785.68344162,8000012,142049204,2014,2014/05/10 04:00:00+00,233,2,DUNDAS ST W,AUGUSTA AVE,,Major Arterial,Toronto and East York,,14,43.652262,-79.401134,Intersection,,No Control,Clear,"Dark, artificial",Dry,Fatal,Pedestrian Collisions,Pedestrian,25 to 29,Fatal,9,Unknown,,,,,Other / Undefined,Other,Had Been Drinking,,,,Yes,,Yes,,,,,Yes,,,,,,78,Kensington-Chinatown (78),515
-8859598.00606163,5419014.54473457,80000029,142120007,2014,2014/05/21 04:00:00+00,610,6,HIGHWAY 27  S,BELFIELD RD,,Major Arterial,Etobicoke York,1,23,43.699229,-79.587123,Intersection,,Traffic Signal,Clear,Daylight,Dry,Fatal,Rear End,Driver,40 to 44,Fatal,10,South,"Automobile, Station Wagon",Stopped,Driving Properly,Normal,,,,,,,,,Yes,,,,,,,,,,,1,West Humber-Clairville (1),516
-8838484.37220134,5428875.21737009,80000030,142211983,2014,2014/06/03 04:00:00+00,1250,12,53 CRAIGMORE CRES,,,Local,North York,18,32,43.763236,-79.397456,Mid-Block,,No Control,Clear,Daylight,Dry,Fatal,Pedestrian Collisions,Pedestrian,85 to 89,Fatal,11,West,,,,,Vehicle is reversing and hits pedestrian,Other,Normal,,,,Yes,,Yes,,,,,,,,,,,51,Willowdale East (51),517
-8834074.89585153,5415302.5187348,80000031,142300273,2014,2014/06/16 04:00:00+00,827,8,BROADVIEW AVE,FAIRVIEW BLVD,,Minor Arterial,Toronto and East York,14,55,43.675116,-79.357845,Mid-Block,,No Control,Rain,Daylight,Wet,Fatal,SMV Other,Motorcycle Driver,45 to 49,Fatal,12,North,Motorcycle,Going Ahead,Driving Properly,Unknown,,,,,,,,,,Yes,,,,,,,,,,68,North Riverdale (68),518
-8831055.57730274,5435178.24628839,80000034,142454660,2014,2014/07/08 04:00:00+00,1024,10,MCNICOLL AVE,PHARMACY AVE,,Minor Arterial,Scarborough,22,42,43.804114,-79.330722,Intersection,At Intersection,Traffic Signal,Clear,Daylight,Dry,Fatal,Angle,Passenger,85 to 89,Fatal,15,,,,,,,,,,,,,,Yes,,,,,Yes,,Yes,Yes,,,116,Steeles (116),519
-8844623.19684063,5412493.59013436,80000032,142471584,2014,2014/07/10 04:00:00+00,1909,19,BLOOR ST W,DUNDAS ST W,,Minor Arterial,Toronto and East York,4,11,43.656863,-79.452602,Mid-Block,,No Control,Clear,Daylight,Dry,Fatal,Pedestrian Collisions,Pedestrian,65 to 69,Fatal,13,East,,,,,Vehicle is reversing and hits pedestrian,Other,Unknown,,,,Yes,,Yes,,,,,,,,,,,88,High Park North (88),520
-8835218.81493892,5419868.52339173,80000033,142510103,2014,2014/07/16 04:00:00+00,1615,16,MCRAE DR,MILLWOOD RD,,Collector,North York,15,53,43.704775,-79.368121,Intersection,At Intersection,Traffic Signal,Clear,Daylight,Dry,Fatal,Pedestrian Collisions,Pedestrian,5 to 9,Fatal,14,West,,,,,Vehicle turns right while ped crosses with ROW at inter.,Crossing with right of way,Normal,,,,Yes,,Yes,,,,,,,Yes,,,,56,Leaside-Bennington (56),521
-8863019.85588913,5424528.61049379,80000035,142586405,2014,2014/07/28 04:00:00+00,553,5,HUMBERLINE DR,FINCH AVE W,,Major Arterial,Etobicoke York,1,23,43.73503,-79.617862,Intersection,At Intersection,Traffic Signal,Rain,"Dawn, artificial",Wet,Fatal,Pedestrian Collisions,Pedestrian,30 to 34,Fatal,16,North,,,,,Pedestrian involved in a collision with transit vehicle anywhere along roadway,Crossing without right of way,Unknown,,,,Yes,,,,,Yes,,,,,,,,1,West Humber-Clairville (1),522
-8839847.5906856,5431620.98747609,80000036,142588079,2014,2014/07/28 04:00:00+00,1200,12,DUDLEY AVE,FINCH AVE E,,Major Arterial,North York,18,32,43.781047,-79.409702,Intersection,,Stop Sign,Clear,Daylight,Dry,Fatal,Turning Movement,Driver,90 to 94,Fatal,17,North,"Automobile, Station Wagon",Turning Left,Disobeyed Traffic Control,Unknown,,,,,,,,,Yes,,,,,Yes,,Yes,,,,51,Willowdale East (51),523
-8818470.68622958,5434251.59516367,80485494,4002616805,2014,2014/08/01 04:00:00+00,1722,17,SHEPPARD AVE E,NEILSON RD,,Major Arterial,Scarborough,,42,43.798106,-79.21767,Intersection,Intersection Related,Traffic Signal,Clear,Daylight,Dry,Fatal,Cyclist Collisions,Cyclist,15 to 19,Fatal,18,North,Bicycle,Going Ahead,,,,,,"Motorist without ROW drives into path of cyclist at inter, lnwy, dwy-Driver not turn.",Driving Properly,Inattentive,,Yes,Yes,,,,,,Yes,Yes,,,,132,Malvern (132),524
-8840624.71205083,5432135.05272775,80000038,142655086,2014,2014/08/07 04:00:00+00,1618,16,5800 YONGE ST,,,Major Arterial,North York,18,32,43.784381,-79.416683,Intersection,At Intersection,Traffic Signal,Clear,Daylight,Dry,Fatal,Pedestrian Collisions,Pedestrian,40 to 44,Fatal,19,South,,,,,Pedestrian hit on sidewalk or shoulder,On Sidewalk or Shoulder,Unknown,,,,Yes,,Yes,,,,,Yes,,Yes,Yes,,,50,Newtonbrook East (50),525
-8844548.39014282,5415437.65445913,80000039,142657110,2014,2014/08/07 04:00:00+00,2214,22,ST CLAIR AVE W,LANSDOWNE AVE,,Major Arterial,Toronto and East York,9,13,43.675994,-79.45193,Mid-Block,,No Control,Clear,"Dark, artificial",Dry,Fatal,Pedestrian Collisions,Pedestrian,65 to 69,Fatal,20,Unknown,,,,,Pedestrian involved in a collision with transit vehicle anywhere along roadway,Coming From Behind Parked Vehicle,Unknown,,,,Yes,,,,,Yes,,,,,,,,92,Corso Italia-Davenport (92),526
-8826461.75587618,5432346.14541286,80485509,4002712534,2014,2014/08/16 04:00:00+00,515,5,KENNEDY RD,BONIS AVE,4 m North of,Major Arterial,Scarborough,22,42,43.78575,-79.289455,Intersection,Intersection Related,Traffic Signal,Clear,"Dark, artificial",Dry,Fatal,Pedestrian Collisions,Pedestrian,85 to 89,Fatal,24,West,,,,,Vehicle turns left while ped crosses with ROW at inter.,Crossing with right of way,Normal,,,,Yes,,Yes,,,,,,,Yes,,,,128,Agincourt South-Malvern West (128),527
-8827293.20115292,5419479.09563009,80000041,142723300,2014,2014/08/17 04:00:00+00,2306,23,DAWES RD,GOWER ST,,Minor Arterial,Toronto and East York,19,54,43.702246,-79.296924,Intersection,At Intersection,Traffic Signal,Clear,"Dark, artificial",Dry,Fatal,Pedestrian Collisions,Pedestrian,60 to 64,Fatal,22,West,,,,,Vehicle turns left while ped crosses with ROW at inter.,Crossing with right of way,Unknown,,,,Yes,,Yes,,,,,Yes,,Yes,,,,54,O'Connor-Parkview (54),528
-8834565.70348644,5412373.88377959,80000040,142723818,2014,2014/08/18 04:00:00+00,125,1,QUEEN ST E,TRACY ST,,Major Arterial,Toronto and East York,13,51,43.656085,-79.362254,Intersection,,No Control,Clear,"Dark, artificial",Dry,Fatal,Pedestrian Collisions,Pedestrian,60 to 64,Fatal,21,Unknown,,,,,Pedestrian hit on sidewalk or shoulder,On Sidewalk or Shoulder,Unknown,,,,Yes,,Yes,,,,,,,,,,,73,Moss Park (73),529
-8827868.16632286,5422732.684952,80000042,142740894,2014,2014/08/20 04:00:00+00,1639,16,VICTORIA PARK AVE,O CONNOR DR,,Major Arterial,North York,,41,43.723372,-79.302089,Intersection,At Intersection,Traffic Signal,Clear,Daylight,Dry,Fatal,Pedestrian Collisions,Pedestrian,75 to 79,Fatal,23,East,,,,,Vehicle turns left while ped crosses with ROW at inter.,Crossing with right of way,Normal,,,,Yes,,Yes,,,,,,,Yes,,,,120,Clairlea-Birchmount (120),530
-8847284.06662906,5414601.01448072,80485256,4002804562,2014,2014/08/30 04:00:00+00,459,4,ST CLAIR AVE W,SYMES RD,39 m East of,Major Arterial,Etobicoke York,5,12,43.670558,-79.476505,Mid-Block,Non Intersection,No Control,Clear,"Dark, artificial",Dry,Fatal,Pedestrian Collisions,Pedestrian,30 to 34,Fatal,25,East,,,,,Pedestrian hit at mid-block,Walking on Roadway Against Traffic,Other,,,,Yes,,Yes,,,,,,,,,,,90,Junction Area (90),531
-8818713.58535849,5425752.28307354,80217473,4002817424,2014,2014/09/01 04:00:00+00,147,1,EGLINTON AVE E,MARKHAM RD,76 m West of,Major Arterial,Scarborough,,43,43.742972,-79.219852,Mid-Block,Non Intersection,No Control,Clear,"Dark, artificial",Dry,Fatal,Pedestrian Collisions,Passenger,30 to 34,Fatal,26,,,,,,,,,,,,,,,,,Yes,,Yes,,,,,,139,Scarborough Village (139),532
-8836525.92839982,5412266.48788147,80000046,142879736,2014,2014/09/10 04:00:00+00,620,6,OKEEFE LANE,DUNDAS SQ,,Laneway,Toronto and East York,13,51,43.655387,-79.379863,Mid-Block,,No Control,Clear,"Dark, artificial",Dry,Fatal,Pedestrian Collisions,Pedestrian,25 to 29,Fatal,27,Unknown,,,,,Vehicle is reversing and hits pedestrian,Other,Had Been Drinking,,,,Yes,,,,Yes,,,,,,,,,75,Church-Yonge Corridor (75),533
-8838410.56737895,5417212.6102512,80000047,142937129,2014,2014/09/18 04:00:00+00,2001,20,ST CLAIR AVE W,DEER PARK CRES,,Major Arterial,Toronto and East York,12,53,43.687525,-79.396793,Mid-Block,,No Control,Clear,"Dark, artificial",Dry,Fatal,Pedestrian Collisions,Pedestrian,75 to 79,Fatal,28,South,,,,,Pedestrian involved in a collision with transit vehicle anywhere along roadway,"Crossing, no Traffic Control",Unknown,,,,Yes,,,,,Yes,,,,,,,,97,Yonge-St.Clair (97),534
-8842631.57983085,5409507.0875705,80000048,142962876,2014,2014/09/22 04:00:00+00,2059,20,KING ST W,CLOSE AVE,,Major Arterial,Toronto and East York,4,14,43.63745,-79.434711,Intersection,,Pedestrian Crossover,Clear,"Dark, artificial",Dry,Fatal,Pedestrian Collisions,Pedestrian,35 to 39,Fatal,29,Unknown,,,,,Pedestrian hit a PXO/ped. Mid-block signal,"Crossing, Pedestrian Crossover",Unknown,,,,Yes,,Yes,,,,,,,Yes,,,,85,South Parkdale (85),535
-8846393.95598068,5414873.88376187,80000049,143015764,2014,2014/09/30 04:00:00+00,1608,16,ST CLAIR AVE W,KEELE ST,,Major Arterial,Etobicoke York,5,12,43.672331,-79.468509,Mid-Block,,No Control,Clear,Daylight,Dry,Fatal,Pedestrian Collisions,Pedestrian,70 to 74,Fatal,30,North,,,,,Pedestrian involved in a collision with transit vehicle anywhere along roadway,"Crossing, no Traffic Control",Unknown,,,,Yes,,,,,Yes,,,,,,,,90,Junction Area (90),536
-8856034.33520287,5423137.03810676,80000050,143022510,2014,2014/10/01 04:00:00+00,1620,16,35 IRWIN RD,,,Local,Etobicoke York,1,23,43.725997,-79.55511,Mid-Block,,No Control,Clear,Daylight,Wet,Fatal,SMV Other,Motorcycle Driver,20 to 24,Fatal,31,East,Motorcycle,Going Ahead,Lost control,Unknown,,,,,,,,,,Yes,,,,,Yes,Yes,,,,5,Elms-Old Rexdale (5),537
-8826593.3355143,5424575.60071494,80485686,4003073382,2014,2014/10/09 04:00:00+00,1410,14,WARDEN AVE,MARBLE ARCH CRES,,Major Arterial,Scarborough,21,41,43.735335,-79.290637,Intersection,Non Intersection,Traffic Signal,Clear,Daylight,Dry,Fatal,Cyclist Collisions,Cyclist,60 to 64,Fatal,32,East,Bicycle,Going Ahead,,,,,,"Motorist without ROW drives into path of cyclist at inter, lnwy, dwy-Driver not turn.",Driving Properly,Normal,,Yes,Yes,,,,,,,Yes,Yes,,,119,Wexford/Maryvale (119),538
-8842838.74540321,5409446.02302397,80485688,4003074555,2014,2014/10/09 04:00:00+00,1745,17,KING ST W,JAMESON AVE,14 m West of,Major Arterial,Toronto and East York,4,14,43.637053,-79.436572,Mid-Block,Intersection Related,No Control,Clear,Dusk,Dry,Fatal,Pedestrian Collisions,Pedestrian,80 to 84,Fatal,33,North,,,,,Pedestrian hit at mid-block,"Crossing, no Traffic Control",Inattentive,,,,Yes,,,,Yes,,,,,,,,,85,South Parkdale (85),539
-8843576.79362717,5421644.48532436,80000053,143084786,2014,2014/10/11 04:00:00+00,1024,10,LAWRENCE AVE W,ALLEN X N LAWRENCE RAMP,,Major Arterial,North York,8,32,43.716307,-79.443202,Intersection,At Intersection,Traffic Signal,Clear,Daylight,Dry,Fatal,Pedestrian Collisions,Pedestrian,65 to 69,Fatal,34,South,,,,,Pedestrian involved in a collision with transit vehicle anywhere along roadway,Crossing with right of way,Normal,,,,Yes,,,,,Yes,,,,,,,,32,Englemount-Lawrence (32),540
-8827981.15560602,5423111.77514312,80000054,143117140,2014,2014/10/16 04:00:00+00,1927,19,VICTORIA PARK AVE,EGLINTON AVE E,,Major Arterial,North York,,41,43.725833,-79.303104,Mid-Block,,No Control,Rain,"Dark, artificial",Wet,Fatal,Pedestrian Collisions,Pedestrian,55 to 59,Fatal,35,West,,,,,Pedestrian hit at mid-block,"Crossing, no Traffic Control",Unknown,,,,Yes,,Yes,,,,,,,,,,,119,Wexford/Maryvale (119),541
-8827868.16632286,5422732.684952,80221527,4003192512,2014,2014/10/28 04:00:00+00,1515,15,VICTORIA PARK AVE,O CONNOR DR,,Major Arterial,North York,,41,43.723372,-79.302089,Intersection,Intersection Related,Traffic Signal,Other,Daylight,Dry,Fatal,Cyclist Collisions,Cyclist,70 to 74,Fatal,36,South,Bicycle,Going Ahead,,,,,,Motorist turning right on green or amber at signalized intersection strikes cyclist.,Other,Other,,Yes,Yes,,,,,,,,,,,120,Clairlea-Birchmount (120),542
-8817828.59540669,5431146.26581361,8000220,143234908,2014,2014/11/04 05:00:00+00,807,8,ORTON PARK RD,SLAN AVE,,Minor Arterial,Scarborough,24,43,43.777968,-79.211902,Mid-Block,,No Control,Clear,Daylight,Dry,Fatal,SMV Other,Driver,25 to 29,Fatal,37,North,"Automobile, Station Wagon",Going Ahead,Lost control,Unknown,,,,,,,,,Yes,,,,,,Yes,Yes,,,,135,Morningside (135),543
-8823045.8059817,5424683.13989215,8000166,143250160,2014,2014/11/06 05:00:00+00,1254,12,MIDLAND AVE,GILDER DR,,Major Arterial,Scarborough,21,41,43.736033,-79.258769,Intersection,At Intersection,Traffic Signal,Clear,Daylight,Dry,Fatal,Pedestrian Collisions,Pedestrian,40 to 44,Fatal,38,Unknown,,,,,Pedestrian hit on sidewalk or shoulder,On Sidewalk or Shoulder,Normal,,,,Yes,,Yes,,,,,,,,,,,138,Eglinton East (138),544
-8834257.45981643,5435990.22227657,80222235,4003257164,2014,2014/11/07 05:00:00+00,1247,12,DON MILLS RD,FRESHMEADOW DR,,Major Arterial,North York,17,33,43.809378,-79.359485,Mid-Block,Non Intersection,No Control,Clear,Daylight,Dry,Fatal,Pedestrian Collisions,Pedestrian,70 to 74,Fatal,39,East,,,,,Pedestrian hit at mid-block,"Crossing, no Traffic Control",Unknown,,,,Yes,,Yes,,,,,,,,,,,48,Hillcrest Village (48),545
-8858208.51617755,5423465.4629283,80501551,4003267619,2014,2014/11/09 05:00:00+00,559,5,KIPLING AVE,WESTHUMBER BLVD,,Major Arterial,Etobicoke York,1,23,43.728129,-79.574641,Intersection,At Intersection,Traffic Signal,Clear,"Dark, artificial",Dry,Fatal,Angle,Passenger,20 to 24,Fatal,40,,,,,,,,,,,,,,Yes,,,Yes,,Yes,,Yes,Yes,,,4,Rexdale-Kipling (4),546
-8844665.60956662,5412708.38845879,8000172,143335677,2014,2014/11/20 05:00:00+00,1245,12,2440 DUNDAS ST W,,,Minor Arterial,Toronto and East York,4,11,43.658259,-79.452983,Intersection,At Intersection,Traffic Signal,Clear,Daylight,Dry,Fatal,Pedestrian Collisions,Pedestrian,65 to 69,Fatal,42,East,,,,,Vehicle turns left while ped crosses with ROW at inter.,Crossing with right of way,Unknown,,,,Yes,,Yes,,,,,,,Yes,,,,88,High Park North (88),547
-8851394.65014609,5428075.58136316,8000170,143339762,2014,2014/11/21 05:00:00+00,600,6,FINCH AVE W,DRIFTWOOD AVE,,Major Arterial,Etobicoke York,7,31,43.758048,-79.513431,Intersection,At Intersection,Traffic Signal,Clear,"Dawn, artificial",Dry,Fatal,Pedestrian Collisions,Pedestrian,60 to 64,Fatal,41,North,,,,,Vehicle is going straight thru inter.while ped cross without ROW,Crossing without right of way,Unknown,,,,Yes,,Yes,,,,,,,,,,,25,Glenfield-Jane Heights (25),548
-8833138.92157294,5418749.55948343,8000203,143357519,2014,2014/11/24 05:00:00+00,350,3,DON VALLEY PARKWAY  N,LEASIDE BDGE,,Major Arterial,Toronto and East York,14,54,43.697508,-79.349437,Mid-Block,,No Control,Rain,"Dark, artificial",Wet,Fatal,SMV Other,Driver,20 to 24,Fatal,43,North,"Automobile, Station Wagon",Going Ahead,Exceeding Speed Limit,"Ability Impaired, Alcohol",,,,,,,,,Yes,,,,,,Yes,Yes,,Yes,,58,Old East York (58),549
-8818411.2416215,5431419.77897978,8000204,143362651,2014,2014/11/24 05:00:00+00,1800,18,ELLESMERE RD,MILITARY TRL,,Major Arterial,Scarborough,24,43,43.779742,-79.217136,Intersection,At Intersection,Traffic Signal,Clear,"Dark, artificial",Dry,Fatal,Angle,Driver,25 to 29,Fatal,44,South,"Automobile, Station Wagon",Going Ahead,Disobeyed Traffic Control,"Ability Impaired, Alcohol",,,,,,,,,Yes,,,,,,,Yes,Yes,Yes,,135,Morningside (135),550
-8840104.85002882,5412295.26001256,8000206,143380193,2014,2014/11/27 05:00:00+00,1420,14,549 COLLEGE ST,,,Major Arterial,Toronto and East York,11,14,43.655574,-79.412013,Mid-Block,,No Control,Clear,Daylight,Dry,Fatal,SMV Other,Passenger,90 to 94,Fatal,45,,,,,,,,,,,,,,Yes,,,,,Yes,,,,,,81,Trinity-Bellwoods (81),551
-8824524.4627779,5425628.86073796,8000222,143440580,2014,2014/12/07 05:00:00+00,944,9,KENNEDY RD,RANSTONE GDNS,,Major Arterial,Scarborough,21,41,43.742171,-79.272052,Intersection,,Traffic Signal,Clear,Daylight,Dry,Fatal,Approaching,Driver,80 to 84,Fatal,46,South,"Automobile, Station Wagon",Going Ahead,Lost control,Unknown,,,,,,,,,Yes,,,,,,,,,,,125,Ionview (125),552
-8831837.81936455,5430815.1006426,8000208,143471771,2014,2014/12/12 05:00:00+00,1320,13,SHEPPARD AVE E,404 N SHEPPARD W RAMP,,Major Arterial,North York,17,33,43.77582,-79.337749,Intersection,,Traffic Signal,Clear,Daylight,Wet,Fatal,Turning Movement,Passenger,50 to 54,Fatal,47,,,,,,,,,,,,,,Yes,,,,,Yes,,Yes,Yes,,,46,Pleasant View (46),553
-8830753.23356575,5418228.6954781,8000213,143474139,2014,2014/12/12 05:00:00+00,1840,18,COXWELL AVE,COSBURN AVE,,Minor Arterial,Toronto and East York,,54,43.694125,-79.328006,Intersection,At Intersection,Traffic Signal,Clear,"Dusk, artificial",Dry,Fatal,Pedestrian Collisions,Pedestrian,40 to 44,Fatal,51,North,,,,,Vehicle turns left while ped crosses with ROW at inter.,Crossing with right of way,Normal,,,,Yes,,Yes,,,,,,,,,,,59,Danforth East York (59),554
-8843962.40434328,5432782.06942016,8000211,143507481,2014,2014/12/18 05:00:00+00,843,8,6030 BATHURST ST,,,Major Arterial,North York,,32,43.788577,-79.446666,Mid-Block,,No Control,Clear,Daylight,Dry,Fatal,Pedestrian Collisions,Pedestrian,75 to 79,Fatal,50,East,,,,,Pedestrian hit at mid-block,Running onto Roadway,Inattentive,,,,Yes,,Yes,,,,,Yes,,,,,,36,Newtonbrook West (36),555
-8819575.6434952,5437050.6497322,80485919,4003516677,2014,2014/12/19 05:00:00+00,1740,17,FINCH AVE E,NEILSON RD,,Minor Arterial,Scarborough,,42,43.816252,-79.227596,Intersection,At Intersection,Traffic Signal,Clear,Dark,Dry,Fatal,Pedestrian Collisions,Pedestrian,10 to 14,Fatal,48,West,,,,,Vehicle turns right while ped crosses with ROW at inter.,Other,Other,,,,Yes,,,,,Yes,,,,Yes,,,,132,Malvern (132),556
-8829359.51354102,5430999.18260718,80485976,4003563376,2014,2014/12/28 05:00:00+00,1809,18,SHEPPARD AVE E,BRIDLEWOOD BLVD,37 m West of,Major Arterial,Scarborough,22,42,43.777014,-79.315486,Intersection,Non Intersection,No Control,Clear,"Dark, artificial",Dry,Fatal,Pedestrian Collisions,Pedestrian,80 to 84,Fatal,49,South,,,,,Pedestrian hit at mid-block,"Crossing, no Traffic Control",Inattentive,,,,Yes,,,,Yes,,,Yes,,,,,,118,Tam O'Shanter-Sullivan (118),557
-8833533.88312628,5414376.16886357,80000105,5000058185,2015,2015/01/11 05:00:00+00,353,3,477 BROADVIEW AVE,,,Minor Arterial,Toronto and East York,14,55,43.669097,-79.352985,Mid-Block,,No Control,Clear,"Dark, artificial",Dry,Fatal,SMV Other,Driver,20 to 24,Fatal,1,South,"Automobile, Station Wagon",Going Ahead,Lost control,Unknown,,,,,,,,,Yes,,,,,,Yes,Yes,,,,68,North Riverdale (68),558
-8842813.25323982,5411714.75728827,80229109,5000144020,2015,2015/01/25 05:00:00+00,756,7,COLLEGE ST,BROCK AVE,2 m West of,Minor Arterial,Toronto and East York,9,11,43.651801,-79.436343,Intersection,At Intersection,Traffic Signal,Clear,Daylight,Dry,Fatal,Pedestrian Collisions,Pedestrian,55 to 59,Fatal,2,South,,,,,Vehicle turns left while ped crosses with ROW at inter.,Crossing with right of way,Medical or Physical Disability,,,,Yes,,Yes,,,,,,,Yes,,,,83,Dufferin Grove (83),559
-8826668.92144854,5429213.86593223,8000333,5000160956,2015,2015/01/28 05:00:00+00,617,6,1792 BIRCHMOUNT RD,,,Major Arterial,Scarborough,21,41,43.765433,-79.291316,Mid-Block,,No Control,Clear,Dark,Dry,Fatal,Pedestrian Collisions,Pedestrian,55 to 59,Fatal,3,West,,,,,Pedestrian hit at mid-block,"Crossing, no Traffic Control",Inattentive,,,,Yes,,Yes,,,,,,,,,,,126,Dorset Park (126),560
-8859248.9081385,5417359.47383942,80877057,8008069034,2018,2018/05/04 04:00:00+00,2354,23,DIXON RD,27 S DIXON W RAMP,,Major Arterial,Etobicoke York,1,23,43.688479,-79.583987,Mid-Block,Overpass or Bridge,No Control,,Dark,,Fatal,Pedestrian Collisions,Pedestrian,60 to 64,Fatal,22,North,,,,,Pedestrian hit at mid-block,"Crossing, no Traffic Control",Unknown,,,,Yes,,Yes,,,,,,,,,,,1,West Humber-Clairville (1),561
-8839007.57380807,5422988.38812553,80877083,8000874551,2018,2018/05/15 04:00:00+00,935,9,YONGE ST,LAWRENCE AVE E,,Major Arterial,North York,,32,43.725032,-79.402156,Intersection,At Intersection,Traffic Signal,,Daylight,,Fatal,Pedestrian Collisions,Pedestrian,70 to 74,Fatal,24,Unknown,,,,,Vehicle turns right while ped crosses with ROW at inter.,Crossing with right of way,,,,,Yes,,Yes,,,,,,,Yes,,,,103,Lawrence Park South (103),562
-8845322.17192332,5409546.92586744,80941373,8000877104,2018,2018/05/15 04:00:00+00,1558,15,LAKE SHORE BV W,COLBORNE LODGE DR,,Major Arterial,Toronto and East York,4,11,43.637709,-79.458881,Intersection,At Intersection,Traffic Signal,Clear,Daylight,Dry,Fatal,Cyclist Collisions,Cyclist,35 to 39,Fatal,30,South,Bicycle,Going Ahead,,,,,,"Motorist without ROW drives into path of cyclist at inter, lnwy, dwy-Driver not turn.",Driving Properly,Normal,,Yes,Yes,,,,,,,Yes,Yes,,,85,South Parkdale (85),563