X,Y,Index_,ACCNUM,YEAR,DATE,TIME,HOUR,STREET1,STREET2,OFFSET,ROAD_CLASS,District,WardNum,Division,LATITUDE,LONGITUDE,LOCCOORD,ACCLOC,TRAFFCTL,VISIBILITY,LIGHT,RDSFCOND,ACCLASS,IMPACTYPE,INVTYPE,INVAGE,INJURY,FATAL_NO,INITDIR,VEHTYPE,MANOEUVER,DRIVACT,DRIVCOND,PEDTYPE,PEDACT,PEDCOND,CYCLISTYPE,CYCACT,CYCCOND,PEDESTRIAN,CYCLIST,AUTOMOBILE,MOTORCYCLE,TRUCK,TRSN_CITY_VEH,EMERG_VEH,PASSENGER,SPEEDING,AG_DRIV,REDLIGHT,ALCOHOL,DISABILITY,Hood_ID,Neighbourhood,ObjectId
-8845476.68337654,5418115.38104057,81075008,9000419013,2019,2019/03/07 05:00:00+00,901,9,EGLINTON  AVE W,MCROBERTS  AVE,,Major Arterial,North York,,13,43.693389,-79.460269,Mid-Block,Non Intersection,No Control,,Daylight,Other,Fatal,Pedestrian Collisions,Pedestrian,75 to 79,Fatal,13,North,,,,,Pedestrian involved in a collision with transit vehicle anywhere along roadway,Running onto Roadway,,,,,Yes,,,,,Yes,,,,,,,,109,Caledonia-Fairbank (109),618
-8849065.8463987,5425819.31087654,81099904,9000524060,2019,2019/03/23 04:00:00+00,330,3,SHEPPARD AVE W,SUNFIELD RD,,Major Arterial,North York,6,31,43.743407,-79.492511,Intersection,At Intersection,Stop Sign,Other,Other,,Fatal,Turning Movement,Driver,35 to 39,Fatal,14,North,Municipal Transit Bus (TTC),Turning Left,Failed to Yield Right of Way,Normal,,,,,,,,,Yes,,,Yes,,,,Yes,,,,26,Downsview-Roding-CFB (26),619
-8836186.18131392,5414866.95804589,81100644,9000563702,2019,2019/03/29 04:00:00+00,630,6,BLOOR  ST E,SHERBOURNE ST,,Major Arterial,Toronto and East York,,53,43.672286,-79.376811,Intersection,At Intersection,Traffic Signal,Other,Other,Other,Fatal,Pedestrian Collisions,Pedestrian,60 to 64,Fatal,15,South,,,,,Pedestrian involved in a collision with transit vehicle anywhere along roadway,Crossing without right of way,Other,,,,Yes,,,,,Yes,,,,,,,,74,North St.James Town (74),620
-8822390.13418092,5436206.80242881,81163378,9000618194,2019,2019/04/06 04:00:00+00,907,9,SCOTTFIELD DR,FINCH AVE E,,Major Arterial,Scarborough,23,42,43.810782,-79.252879,Intersection,At Intersection,Traffic Signal,Clear,Daylight,Dry,Fatal,Pedestrian Collisions,Pedestrian,85 to 89,Fatal,16,North,,,,,Vehicle turns left while ped crosses with ROW at inter.,Crossing with right of way,Normal,,,,Yes,,Yes,,,,,,,Yes,,,,129,Agincourt North (129),621
-8831127.82365227,5433469.69008743,81239214,9000618680,2019,2019/04/06 04:00:00+00,1041,10,VICTORIA PARK AVE,FINCH AVE E,20 metres north,Major Arterial,North York,,42,43.793036,-79.331371,Intersection,Intersection Related,Traffic Signal,Clear,Daylight,Dry,Fatal,Approaching,Driver,40 to 44,Fatal,17,South,"Automobile, Station Wagon",Slowing or Stopping,Driving Properly,Normal,,,,,,,,,Yes,,,,,,Yes,Yes,,,,117,L'Amoreaux (117),622
-8825654.91220691,5437080.73346697,81100645,9000846736,2019,2019/05/10 04:00:00+00,124,1,BRIMLEY RD,MCNICOLL AVE,,Major Arterial,Scarborough,23,42,43.816447,-79.282207,Mid-Block,Non Intersection,No Control,Rain,"Dark, artificial",Wet,Fatal,SMV Other,Driver,15 to 19,Fatal,18,South,"Automobile, Station Wagon",Going Ahead,Lost control,Unknown,,,,,,,,,Yes,,,,,Yes,Yes,Yes,,,,130,Milliken (130),623
-8838736.62216748,5425235.02971991,81242492,9000983985,2019,2019/05/29 04:00:00+00,1328,13,14 PLYMBRIDGE RD,,,Local,North York,15,32,43.739615,-79.399722,Mid-Block,Non Intersection,No Control,Clear,Daylight,Dry,Fatal,SMV Other,Passenger,25 to 29,Fatal,19,,,,,,,,,,,,,,,,Yes,,,Yes,,,,,,41,Bridle Path-Sunnybrook-York Mills (41),624
-8844114.4667677,5427367.09520921,81269659,9001044395,2019,2019/06/06 04:00:00+00,2124,21,SHEPPARD AVE W,GODDARD ST,,Major Arterial,North York,6,32,43.753451,-79.448032,Intersection,At Intersection,Traffic Signal,Clear,Dark,Dry,Fatal,Turning Movement,Motorcycle Driver,30 to 34,Fatal,20,West,Motorcycle,Going Ahead,Disobeyed Traffic Control,Inattentive,,,,,,,,,Yes,Yes,,,,,,Yes,Yes,,,33,Clanton Park (33),625
-8832214.07924343,5430864.58965373,81269662,9001093937,2019,2019/06/13 04:00:00+00,1934,19,SHEPPARD AVE E,FAIRVIEW MALL DR,,Major Arterial,North York,17,33,43.776141,-79.341129,Intersection,At Intersection,Traffic Signal,Clear,Daylight,Wet,Fatal,Turning Movement,Driver,80 to 84,Fatal,22,East,"Automobile, Station Wagon",Going Ahead,Lost control,Medical or Physical Disability,,,,,,,,,Yes,,,,,Yes,,,,,Yes,53,Henry Farm (53),626
-8856145.65469366,5405923.26628348,81269661,9001127498,2019,2019/06/18 04:00:00+00,1200,12,THE QUEENSWAY,NORTH QUEEN ST,,Major Arterial,Etobicoke York,3,22,43.614146,-79.55611,Intersection,At Intersection,Traffic Signal,Clear,Daylight,Dry,Fatal,Turning Movement,Motorcycle Driver,75 to 79,Fatal,21,West,Motorcycle,Going Ahead,Driving Properly,Normal,,,,,,,,,Yes,Yes,,,,Yes,,Yes,,,,14,Islington-City Centre West (14),627
-8834508.81922664,5413020.59349505,81239216,9001143584,2019,2019/06/20 04:00:00+00,1315,13,REGENT PARK BLVD,DUNDAS ST E,,Major Arterial,Toronto and East York,13,51,43.660288,-79.361743,Intersection,At Intersection,Traffic Signal,Clear,Daylight,Dry,Fatal,Pedestrian Collisions,Pedestrian,35 to 39,Fatal,23,Unknown,,,,,Pedestrian hit on sidewalk or shoulder,On Sidewalk or Shoulder,Normal,,,,Yes,,Yes,,,,,,,,,,,72,Regent Park (72),628
-8818262.63010129,5428650.64027104,81270756,9001160017,2019,2019/06/22 04:00:00+00,1909,19,LAWRENCE AVE E,SCARBOROUGH GOLF CLUB RD,3 metres east,Major Arterial,Scarborough,24,43,43.761779,-79.215801,Intersection,At Intersection,Traffic Signal,Clear,Daylight,Dry,Fatal,Angle,Driver,75 to 79,Fatal,24,South,"Automobile, Station Wagon",Going Ahead,Driving Properly,Normal,,,,,,,,,Yes,,,,,Yes,,Yes,Yes,,,137,Woburn (137),629
-8836324.66276046,5411839.22458611,81270268,9001184914,2019,2019/06/26 04:00:00+00,902,9,VICTORIA ST,QUEEN ST E,,Major Arterial,Toronto and East York,13,51,43.65261,-79.378055,Intersection,At Intersection,Traffic Signal,Clear,Daylight,Dry,Fatal,Pedestrian Collisions,Pedestrian,55 to 59,Fatal,25,East,,,,,Vehicle is going straight thru inter.while ped cross without ROW,Crossing marked crosswalk without ROW,Unknown,,,,Yes,,,,Yes,,,,,,,,,75,Church-Yonge Corridor (75),630
-8852020.59964282,5427917.91267051,81278473,9001287128,2019,2019/07/10 04:00:00+00,1221,12,FINCH AVE W,JANE ST,west of,Major Arterial,Etobicoke York,7,31,43.757025,-79.519054,Mid-Block,Non Intersection,No Control,Clear,Daylight,Dry,Fatal,Pedestrian Collisions,Pedestrian,60 to 64,Fatal,26,South,,,,,Pedestrian hit at mid-block,"Crossing, no Traffic Control",Normal,,,,Yes,,Yes,,,,,,,,,,,25,Glenfield-Jane Heights (25),631
-8833814.96484053,5435249.50727406,81278475,9001332621,2019,2019/07/16 04:00:00+00,1401,14,BARKWOOD CRES,CLIFFWOOD RD,,Local,North York,17,33,43.804576,-79.35551,Intersection,At Intersection,No Control,Clear,Daylight,Dry,Fatal,Pedestrian Collisions,Pedestrian,65 to 69,Fatal,27,East,,,,,Vehicle turns left while ped crosses with ROW at inter.,Crossing with right of way,Normal,,,,Yes,,,,Yes,,,,,Yes,,,,48,Hillcrest Village (48),632
-8852643.09823534,5411924.30641084,81322095,9001351159,2019,2019/07/18 04:00:00+00,2240,22,DUNDAS ST W,DONNYBROOK LANE,,Major Arterial,Etobicoke York,2,22,43.653163,-79.524646,Intersection,Intersection Related,No Control,Clear,"Dark, artificial",Dry,Fatal,Turning Movement,Motorcycle Driver,25 to 29,Fatal,28,East,Motorcycle,Going Ahead,Driving Properly,Normal,,,,,,,,,Yes,Yes,,,,,,Yes,,,,15,Kingsway South (15),633
-8857889.25187795,5428369.50273046,81322614,9001419121,2019,2019/07/28 04:00:00+00,1054,10,ISLINGTON AVE,MILLWICK DR,,Major Arterial,Etobicoke York,7,31,43.759955,-79.571773,Intersection,At Intersection,Traffic Signal,Clear,Daylight,Dry,Fatal,Pedestrian Collisions,Pedestrian,70 to 74,Fatal,29,North,,,,,Vehicle turns left while ped crosses with ROW at inter.,Crossing with right of way,Normal,,,,Yes,,Yes,,,,,,,Yes,,,,21,Humber Summit (21),634
-8857435.73627246,5425663.52976657,81322616,9001460001,2019,2019/08/02 04:00:00+00,2237,22,ISLINGTON AVE,BEAUMONDE HEIGHTS DR,,Major Arterial,Etobicoke York,1,23,43.742396,-79.567699,Intersection,At Intersection,Traffic Signal,Clear,Dark,Dry,Fatal,Turning Movement,Motorcycle Driver,25 to 29,Fatal,30,South,Motorcycle,Going Ahead,Driving Properly,Unknown,,,,,,,,,Yes,Yes,,,,,,Yes,,,,3,Thistletown-Beaumond Heights (3),635
-8827790.91059625,5428961.53534919,81278474,9001462666,2019,2019/08/03 04:00:00+00,917,9,WARDEN AVE,SYLLA AVE,,Major Arterial,Scarborough,21,41,43.763796,-79.301395,Intersection,At Intersection,No Control,Clear,Daylight,Dry,Fatal,SMV Other,Driver,55 to 59,Fatal,31,North,"Automobile, Station Wagon",Going Ahead,Lost control,Unknown,,,,,,,,,Yes,,,,,,,,,,,119,Wexford/Maryvale (119),636
-8836102.13509837,5435721.97229415,81329538,9001478077,2019,2019/08/05 04:00:00+00,1648,16,STEELES AVE E,BLUFFWOOD DR,,Major Arterial,North York,17,33,43.807639,-79.376056,Intersection,At Intersection,Traffic Signal,Clear,Daylight,Dry,Fatal,Turning Movement,Motorcycle Driver,25 to 29,Fatal,32,West,Motorcycle,Going Ahead,Driving Properly,Unknown,,,,,,,,,Yes,Yes,,,,,,Yes,,,,49,Bayview Woods-Steeles (49),637
-8840237.43154236,5431487.46471938,81322618,9001504654,2019,2019/08/09 04:00:00+00,945,9,31  FINCH AVE E,,,Major Arterial,North York,18,32,43.780181,-79.413204,Mid-Block,Non Intersection,No Control,Clear,Daylight,Dry,Fatal,Pedestrian Collisions,Pedestrian,65 to 69,Fatal,33,Unknown,,,,,Pedestrian hit on sidewalk or shoulder,On Sidewalk or Shoulder,Normal,,,,Yes,,Yes,,,,,,,,,,,51,Willowdale East (51),638
-8824870.10979682,5439322.01659903,81330295,9001534741,2019,2019/08/13 04:00:00+00,1329,13,STEELES AVE E,MCCOWAN RD,,Major Arterial,Scarborough,23,42,43.830973,-79.275157,Intersection,At Intersection,Traffic Signal,Clear,Daylight,Dry,Fatal,Turning Movement,Motorcycle Driver,40 to 44,Fatal,34,East,Motorcycle,Going Ahead,Driving Properly,Unknown,,,,,,,,,Yes,Yes,,,,,,Yes,,,,130,Milliken (130),639
-8837180.70964466,5435391.87665122,81330296,9001588399,2019,2019/08/20 04:00:00+00,2112,21,STEELES AVE E,LAURELEAF RD S,,Major Arterial,North York,17,33,43.805499,-79.385745,Intersection,At Intersection,Traffic Signal,Clear,"Dark, artificial",Dry,Fatal,Pedestrian Collisions,Pedestrian,60 to 64,Fatal,35,North,,,,,Vehicle is going straight thru inter.while ped cross without ROW,Crossing without right of way,Had Been Drinking,,,,Yes,,Yes,,,,,,,,,,,49,Bayview Woods-Steeles (49),640
-8825245.47911977,5432273.21072451,81330776,9001591969,2019,2019/08/21 04:00:00+00,1130,11,SHEPPARD AVE E,MIDLAND AVE,,Major Arterial,Scarborough,,42,43.785277,-79.278529,Intersection,At Intersection,Traffic Signal,Clear,Daylight,Dry,Fatal,Pedestrian Collisions,Pedestrian,75 to 79,Fatal,36,East,,,,,Vehicle turns right while ped crosses with ROW at inter.,Crossing with right of way,Unknown,,,,Yes,,Yes,,Yes,,,,,Yes,,,,128,Agincourt South-Malvern West (128),641
-8814980.93151271,5430085.28420322,81330778,9001623743,2019,2019/08/25 04:00:00+00,2035,20,KINGSTON RD,MORNINGSIDE AVE,,Major Arterial,Scarborough,25,43,43.771086,-79.186321,Mid-Block,Non Intersection,No Control,Clear,Dark,Dry,Fatal,Pedestrian Collisions,Pedestrian,70 to 74,Fatal,37,North,,,,,Pedestrian hit at mid-block,"Crossing, no Traffic Control",Unknown,,,,Yes,,Yes,,,,,,,,,,,136,West Hill (136),642
-8829178.61936848,5431040.34716747,81330775,9001661234,2019,2019/08/30 04:00:00+00,2023,20,SHEPPARD AVE E,ABBOTSFIELD GT,,Major Arterial,Scarborough,22,42,43.777281,-79.313861,Mid-Block,Non Intersection,No Control,Clear,Dark,Dry,Fatal,Pedestrian Collisions,Pedestrian,30 to 34,Fatal,38,North,,Going Ahead,,,Pedestrian hit at mid-block,"Crossing, no Traffic Control",Inattentive,,,,Yes,,Yes,,,,,,,,,,,118,Tam O'Shanter-Sullivan (118),643
-8830074.62994988,5435831.95538488,81332833,9001704678,2019,2019/09/06 04:00:00+00,630,6,WARDEN AVE,MCNICOLL AVE,,Major Arterial,Scarborough,22,42,43.808352,-79.32191,Mid-Block,Non Intersection,No Control,Clear,Daylight,Dry,Fatal,Pedestrian Collisions,Pedestrian,Over 95,Fatal,43,West,,,,,Pedestrian hit at mid-block,"Crossing, no Traffic Control",Inattentive,,,,Yes,,Yes,,,,,,,,,,,116,Steeles (116),644
-8855095.02133955,5418664.41476221,81330781,9001708503,2019,2019/09/06 04:00:00+00,1617,16,DIXON RD,ISLINGTON AVE,,Major Arterial,Etobicoke York,,23,43.696955,-79.546672,Intersection,At Intersection,Traffic Signal,Clear,Daylight,Dry,Fatal,Pedestrian Collisions,Pedestrian,75 to 79,Fatal,40,South,,,,,Vehicle is going straight thru inter.while ped cross without ROW,Crossing without right of way,Unknown,,,,Yes,,Yes,,,,,,,,,,,6,Kingsview Village-The Westway (6),645
-8830381.20382752,5425404.97899291,81330782,9001711653,2019,2019/09/07 04:00:00+00,17,1,LAWRENCE AVE E,UNDERHILL DR,,Major Arterial,North York,16,33,43.740718,-79.324664,Intersection,At Intersection,Traffic Signal,Clear,Dark,Dry,Fatal,Turning Movement,Motorcycle Driver,20 to 24,Fatal,39,West,Motorcycle,Going Ahead,Speed too Fast For Condition,Unknown,,,,,,,,,Yes,Yes,,,,,Yes,Yes,,,,43,Victoria Village (43),646
-8838686.52839662,5420827.91928553,81330783,9001734593,2019,2019/09/10 04:00:00+00,959,9,YONGE ST,ERSKINE AVE,,Major Arterial,North York,,53,43.711005,-79.399272,Intersection,At Intersection,No Control,Clear,Daylight,Dry,Fatal,Pedestrian Collisions,Pedestrian,50 to 54,Fatal,41,South,,,,,Vehicle turns right while ped crosses with ROW at inter.,Crossing with right of way,Normal,,,,Yes,,,,Yes,,,,,,,,,104,Mount Pleasant West (104),647
-8826726.69626427,5426201.30160713,81332832,9001790358,2019,2019/09/17 04:00:00+00,2000,20,LAWRENCE AVE E,AINSDALE RD,,Major Arterial,Scarborough,21,41,43.745886,-79.291835,Intersection,Intersection Related,Stop Sign,Clear,Daylight,Dry,Fatal,Pedestrian Collisions,Pedestrian,55 to 59,Fatal,42,Unknown,,,,,Vehicle turns left while ped crosses without ROW at inter.,"Crossing, no Traffic Control",Normal,,,,Yes,,Yes,,,,,,,,,,,119,Wexford/Maryvale (119),648
-8818089.30565413,5427952.12793492,81332835,9001835582,2019,2019/09/23 04:00:00+00,2019,20,SCARBOROUGH GOLF CLUB RD,CONFEDERATION DR,,Minor Arterial,Scarborough,24,43,43.757247,-79.214244,Intersection,Non Intersection,No Control,Clear,Dusk,Dry,Fatal,Pedestrian Collisions,Pedestrian,15 to 19,Fatal,44,West,,,,,Pedestrian hit at mid-block,"Crossing, no Traffic Control",Inattentive,,,,Yes,,Yes,,,,,,,,,,,137,Woburn (137),649
-8825661.70269585,5417976.66512375,81332837,9001843126,2019,2019/09/24 04:00:00+00,2046,20,DANFORTH AVE,WANSTEAD AVE,,Major Arterial,Scarborough,20,41,43.692488,-79.282268,Intersection,At Intersection,No Control,Clear,"Dark, artificial",Dry,Fatal,Pedestrian Collisions,Pedestrian,65 to 69,Fatal,45,South,,,,,Vehicle is going straight thru inter.while ped cross without ROW,"Crossing, no Traffic Control",Unknown,,,,Yes,,Yes,,,,,,,,,,,121,Oakridge (121),650
-8823327.77825188,5421666.81792655,81333466,9001872287,2019,2019/09/28 04:00:00+00,2015,20,KENNEDY RD,ST CLAIR AVE E,,Major Arterial,Scarborough,20,41,43.716452,-79.261302,Intersection,At Intersection,Traffic Signal,Clear,"Dark, artificial",Dry,Fatal,Angle,Driver,65 to 69,Fatal,46,North,"Automobile, Station Wagon",Going Ahead,Disobeyed Traffic Control,Unknown,,,,,,,,,Yes,,,,,Yes,,Yes,Yes,,,120,Clairlea-Birchmount (120),651
-8857101.88911957,5420265.66731717,81333470,9001878764,2019,2019/09/29 04:00:00+00,2031,20,KIPLING AVE,BETHRIDGE RD,,Major Arterial,Etobicoke York,1,23,43.707354,-79.5647,Mid-Block,Non Intersection,No Control,Clear,"Daylight, artificial",Dry,Fatal,Pedestrian Collisions,Pedestrian,55 to 59,Fatal,47,East,,,,,Pedestrian hit at mid-block,"Crossing, no Traffic Control",Unknown,,,,Yes,,Yes,,,,,,,,,,,1,West Humber-Clairville (1),652
-8852336.52435769,5410064.53170542,81335255,9001965744,2019,2019/10/11 04:00:00+00,1624,16,1166 ISLINGTON AVE,,,Major Arterial,Etobicoke York,3,22,43.641074,-79.521892,Mid-Block,Non Intersection,No Control,Clear,Daylight,Dry,Fatal,SMV Unattended Vehicle,Driver,50 to 54,Fatal,48,South,"Automobile, Station Wagon",Going Ahead,Lost control,Medical or Physical Disability,,,,,,,,,Yes,,Yes,,,,,,,,Yes,16,Stonegate-Queensway (16),653
-8831958.37837308,5422279.06031079,81401745,9002079433,2019,2019/10/28 04:00:00+00,629,6,EGLINTON  AVE E,DON MILLS  RD,,Major Arterial,North York,16,54,43.720427,-79.338832,Intersection,At Intersection,Traffic Signal,Clear,"Dark, artificial",Dry,Fatal,Pedestrian Collisions,Pedestrian,70 to 74,Fatal,49,South,,,,,,Crossing without right of way,Normal,,,,Yes,,Yes,,,,,,,,,,Yes,44,Flemingdon Park (44),654
-8848300.63621899,5414273.36653061,81335258,9002080634,2019,2019/10/28 04:00:00+00,1005,10,ST CLAIR  AVE W,CASTLETON  AVE,,Major Arterial,Etobicoke York,5,12,43.668429,-79.485637,Intersection,Intersection Related,Stop Sign,Clear,Daylight,Dry,Fatal,Pedestrian Collisions,Pedestrian,80 to 84,Fatal,50,North,,,,,Vehicle turns left while ped crosses without ROW at inter.,"Crossing, no Traffic Control",Normal,,,,Yes,,Yes,,,,,,,,,,,111,Rockcliffe-Smythe (111),655
-8826464.31622447,5426908.00304902,81335261,9002099223,2019,2019/10/30 04:00:00+00,2015,20,39 HOWDEN  RD,,,Collector,Scarborough,21,41,43.750472,-79.289478,Mid-Block,Non Intersection,No Control,Rain,"Dark, artificial",Wet,Fatal,Pedestrian Collisions,Pedestrian,55 to 59,Fatal,51,East,,,,,Pedestrian hit at mid-block,"Crossing, no Traffic Control",Inattentive,,,,Yes,,Yes,,,,,,,,,,,119,Wexford/Maryvale (119),656
-8845182.02068441,5421192.14624888,81337929,9002192000,2019,2019/11/13 05:00:00+00,943,9,960 LAWRENCE AVE W,,9 m South of,Major Arterial,North York,8,13,43.71337,-79.457622,Mid-Block,Non Intersection,No Control,Clear,Daylight,Dry,Fatal,Angle,Driver,65 to 69,Fatal,55,South,"Automobile, Station Wagon",Going Ahead,Failed to Yield Right of Way,Inattentive,,,,,,,,,Yes,,,,,,,Yes,,,,31,Yorkdale-Glen Park (31),657
-8847453.04961609,5420455.39080307,81337232,9002192530,2019,2019/11/13 05:00:00+00,1051,10,KEELE ST,LAWRENCE AVE W,,Major Arterial,Etobicoke York,5,12,43.708586,-79.478023,Intersection,At Intersection,Traffic Signal,Snow,Daylight,Wet,Fatal,Pedestrian Collisions,Pedestrian,20 to 24,Fatal,58,East,,,,,Vehicle turns right while ped crosses with ROW at inter.,Crossing with right of way,Normal,,,,Yes,,,,Yes,,,,,Yes,,,,30,Brookhaven-Amesbury (30),658
-8824205.08715882,5436324.50446161,81338621,9002248311,2019,2019/11/21 05:00:00+00,1340,13,MCCOWAN RD,SANDHURST CRCL,,Major Arterial,Scarborough,,42,43.811545,-79.269183,Intersection,At Intersection,Traffic Signal,Rain,Daylight,Wet,Fatal,Cyclist Collisions,Cyclist,65 to 69,Fatal,57,South,Bicycle,,,,,,,Motorist turning right on green or amber at signalized intersection strikes cyclist.,Other,Other,,Yes,Yes,,,,,,,,,,,129,Agincourt North (129),659
-8840344.40957301,5422597.59643705,81337502,9002255296,2019,2019/11/22 05:00:00+00,1352,13,LAWRENCE AVE W,ROSEWELL AVE,,Major Arterial,North York,,32,43.722495,-79.414165,Intersection,Intersection Related,No Control,Clear,Daylight,Dry,Fatal,Pedestrian Collisions,Pedestrian,90 to 94,Fatal,53,North,,,,,Vehicle is going straight thru inter.while ped cross without ROW,"Crossing, no Traffic Control",Inattentive,,,,Yes,,Yes,,,,,,,,,,,103,Lawrence Park South (103),660
-8841626.03087051,5416306.54128094,81337503,9002258968,2019,2019/11/22 05:00:00+00,2321,23,ST CLAIR AVE W,CHRISTIE ST,,Major Arterial,,,13,43.681639,-79.425678,Intersection,Intersection Related,Traffic Signal,Clear,"Dark, artificial",Dry,Fatal,Pedestrian Collisions,Pedestrian,80 to 84,Fatal,54,South,,,,,Vehicle is going straight thru inter.while ped cross without ROW,Crossing without right of way,Inattentive,,,,Yes,,Yes,,,,,,,,,,,94,Wychwood (94),661
-8832180.01547925,5423381.50706579,81337495,9002274826,2019,2019/11/25 05:00:00+00,1210,12,DON MILLS RD,GREEN BELT DR,,Major Arterial,North York,16,33,43.727584,-79.340823,Intersection,At Intersection,Traffic Signal,Clear,Daylight,Dry,Fatal,Turning Movement,Passenger,15 to 19,Fatal,52,,,,,,,,,,,,,,Yes,,,,,Yes,,Yes,,,,42,Banbury-Don Mills (42),662
-8857508.76185842,5426574.67854877,81337505,9002294353,2019,2019/11/28 05:00:00+00,623,6,ISLINGTON AVE,AVIEMORE DR,,Major Arterial,Etobicoke York,,31,43.748309,-79.568355,Intersection,Intersection Related,No Control,Clear,Dark,Dry,Fatal,Pedestrian Collisions,Pedestrian,75 to 79,Fatal,56,West,,,,,Vehicle is going straight thru inter.while ped cross without ROW,Crossing without right of way,Other,,,,Yes,,,,,,,,,,,,,21,Humber Summit (21),663
-8848631.03246766,5427435.36766357,81338458,9002354607,2019,2019/12/06 05:00:00+00,1720,17,3680 KEELE ST,,56 m South of St REGIS CR,Major Arterial,North York,,31,43.753894,-79.488605,Mid-Block,Non Intersection,No Control,Clear,Dark,Wet,Fatal,Pedestrian Collisions,Pedestrian,75 to 79,Fatal,64,East,,Going Ahead,,,Pedestrian hit at mid-block,"Crossing, no Traffic Control",Inattentive,,,,Yes,,Yes,,,,,,,,,,,27,York University Heights (27),664
-8841270.14245845,5428200.1153347,81339379,9002380779,2019,2019/12/10 05:00:00+00,1454,14,SHEPPARD AVE W,SENLAC RD,,Major Arterial,North York,18,32,43.758856,-79.422481,Intersection,At Intersection,Traffic Signal,Clear,Daylight,Dry,Fatal,Turning Movement,Driver,80 to 84,Fatal,63,West,"Automobile, Station Wagon",Going Ahead,Disobeyed Traffic Control,Inattentive,,,,,,,,,Yes,,,,,Yes,,Yes,Yes,,,38,Lansing-Westgate (38),665
-8861415.51938781,5422075.12902798,81338626,9002389784,2019,2019/12/11 05:00:00+00,1843,18,REXDALE BLVD,QUEENS PLATE DR,,Major Arterial,Etobicoke York,,23,43.719103,-79.60345,Intersection,At Intersection,Traffic Signal,Clear,"Dark, artificial",Dry,Fatal,,Passenger,70 to 74,Fatal,59,,,,,,,,,,,,,,Yes,,,,,Yes,,,,,,1,West Humber-Clairville (1),666
-8822071.64911776,5427528.14503689,81339079,9002403050,2019,2019/12/15 05:00:00+00,129,1,LAWRENCE AVE E,BARRYMORE RD,,Major Arterial,Scarborough,21,43,43.754496,-79.250018,Mid-Block,Non Intersection,No Control,,Dark,,Fatal,Pedestrian Collisions,Pedestrian,75 to 79,Fatal,60,South,,,,,Pedestrian hit at mid-block,"Crossing, no Traffic Control",Unknown,,,,Yes,,Yes,,,,,,,,,,,127,Bendale (127),667
-8820272.0582296,5431717.35325384,81339096,9002465950,2019,2019/12/22 05:00:00+00,1834,18,MARKHAM RD,PROGRESS AVE,,Major Arterial,Scarborough,24,43,43.781672,-79.233852,Intersection,Intersection Related,Traffic Signal,,Dark,,Fatal,Pedestrian Collisions,Pedestrian,15 to 19,Fatal,62,Unknown,,,,,Pedestrian hit on sidewalk or shoulder,On Sidewalk or Shoulder,Unknown,,,,Yes,,Yes,,,,,,,,,,,137,Woburn (137),668
-8820272.0582296,5431717.35325384,81339098,9002465950,2019,2019/12/22 05:00:00+00,1834,18,MARKHAM RD,PROGRESS AVE,,Major Arterial,Scarborough,24,43,43.781672,-79.233852,Intersection,Intersection Related,Traffic Signal,,Dark,,Fatal,Pedestrian Collisions,Pedestrian,15 to 19,Fatal,61,Unknown,,,,,Pedestrian hit on sidewalk or shoulder,On Sidewalk or Shoulder,Unknown,,,,Yes,,Yes,,,,,,,,,,,137,Woburn (137),669
-8822898.08501741,5422275.51765941,80000091,5000212905,2015,2015/02/05 05:00:00+00,1701,17,750 DANFORTH RD,,,Major Arterial,Scarborough,20,41,43.720404,-79.257442,Mid-Block,,No Control,Clear,"Daylight, artificial",Wet,Fatal,Pedestrian Collisions,Pedestrian,85 to 89,Fatal,4,North,,,,,Pedestrian hit at mid-block,"Crossing, no Traffic Control",Unknown,,,,Yes,,Yes,,,,,,,Yes,,,,124,Kennedy Park (124),670
-8849966.97767667,5407063.59011698,80000073,5000260881,2015,2015/02/13 05:00:00+00,1516,15,ROYAL YORK RD,MANITOBA ST,,Minor Arterial,Etobicoke York,3,22,43.621562,-79.500606,Intersection,,No Control,Other,Daylight,Other,Fatal,Other,Passenger,75 to 79,Fatal,5,,,,,,,,,,,,,,,,,Yes,,Yes,,,,,,17,Mimico (includes Humber Bay Shores) (17),671
-8827851.13444077,5436414.59458259,80000072,5000275153,2015,2015/02/16 05:00:00+00,644,6,KENNEDY RD,MCNICOLL AVE,,Major Arterial,Scarborough,22,42,43.812129,-79.301936,Intersection,At Intersection,Traffic Signal,Clear,Dawn,Dry,Fatal,Pedestrian Collisions,Pedestrian,65 to 69,Fatal,6,East,,,,,Vehicle is going straight thru inter.while ped cross with ROW,Crossing with right of way,Unknown,,,,Yes,,Yes,,,,,,,Yes,Yes,,,130,Milliken (130),672