X,Y,Index_,ACCNUM,YEAR,DATE,TIME,HOUR,STREET1,STREET2,OFFSET,ROAD_CLASS,District,WardNum,Division,LATITUDE,LONGITUDE,LOCCOORD,ACCLOC,TRAFFCTL,VISIBILITY,LIGHT,RDSFCOND,ACCLASS,IMPACTYPE,INVTYPE,INVAGE,INJURY,FATAL_NO,INITDIR,VEHTYPE,MANOEUVER,DRIVACT,DRIVCOND,PEDTYPE,PEDACT,PEDCOND,CYCLISTYPE,CYCACT,CYCCOND,PEDESTRIAN,CYCLIST,AUTOMOBILE,MOTORCYCLE,TRUCK,TRSN_CITY_VEH,EMERG_VEH,PASSENGER,SPEEDING,AG_DRIV,REDLIGHT,ALCOHOL,DISABILITY,Hood_ID,Neighbourhood,ObjectId
-8835516.92853527,5412628.53090543,80496365,5000286208,2015,2015/02/18 05:00:00+00,104,1,SHERBOURNE ST,DUNDAS ST E,50 m South of,Minor Arterial,Toronto and East York,13,51,43.65774,-79.370799,Mid-Block,Intersection Related,No Control,Clear,"Dark, artificial",Wet,Fatal,Pedestrian Collisions,Pedestrian,55 to 59,Fatal,7,Unknown,,,,,Pedestrian hit at mid-block,"Crossing, no Traffic Control",Other,,,,Yes,,Yes,,,,,,Yes,Yes,,,,73,Moss Park (73),673
-8821297.97865675,5436542.78940697,80000076,5000374256,2015,2015/03/04 05:00:00+00,1639,16,FINCH AVE E,MARKHAM RD,,Major Arterial,Scarborough,23,42,43.81296,-79.243068,Intersection,At Intersection,Traffic Signal,Clear,Daylight,Dry,Fatal,Pedestrian Collisions,Pedestrian,60 to 64,Fatal,8,Unknown,,,,,Vehicle turns right while ped crosses with ROW at inter.,Crossing with right of way,Normal,,,,Yes,,,,Yes,,,,,Yes,,,,131,Rouge (131),674
-8857699.78610463,5428440.71109963,80558756,5000375108,2015,2015/03/04 05:00:00+00,1935,19,MILLWICK DR,PLUNKETT RD,,Minor Arterial,Etobicoke York,7,31,43.760417,-79.570071,Intersection,Intersection Related,Traffic Signal,Clear,"Dark, artificial",Dry,Fatal,Pedestrian Collisions,Pedestrian,80 to 84,Fatal,9,South,,,,,Vehicle turns right while ped crosses with ROW at inter.,Crossing with right of way,Normal,,,,Yes,,Yes,,,,,,,Yes,,,,21,Humber Summit (21),675
-8831279.7747572,5417475.24217166,80000080,5000406927,2015,2015/03/10 04:00:00+00,645,6,452 MORTIMER AVE,,,Minor Arterial,Toronto and East York,14,54,43.689231,-79.332736,Intersection,,No Control,Clear,"Dawn, artificial",Wet,Fatal,Pedestrian Collisions,Pedestrian,85 to 89,Fatal,10,South,,,,,Pedestrian hit at mid-block,"Crossing, no Traffic Control",Unknown,,,,Yes,,Yes,,,,,,,,,,,59,Danforth East York (59),676
-8840904.90320915,5433716.74641581,80234707,5000518760,2015,2015/03/19 04:00:00+00,1645,16,6212 YONGE ST,,,Major Arterial,North York,18,32,43.794638,-79.4192,Mid-Block,At/Near Private Drive,No Control,Clear,Daylight,Dry,Fatal,Pedestrian Collisions,Pedestrian,80 to 84,Fatal,16,North,,,,,Pedestrian hit at private driveway,On Sidewalk or Shoulder,Normal,,,,Yes,,Yes,,,,,,,Yes,,,,50,Newtonbrook East (50),677
-8832478.12907559,5417982.51547548,80000088,5000466893,2015,2015/03/20 04:00:00+00,58,5,262 TORRENS AVE,,,Local,Toronto and East York,14,54,43.692526,-79.343501,Mid-Block,,No Control,Clear,Dark,Dry,Fatal,Pedestrian Collisions,Pedestrian,85 to 89,Fatal,11,North,,,,,Pedestrian hit on sidewalk or shoulder,On Sidewalk or Shoulder,Unknown,,,,Yes,,Yes,,,,,,,,,,,58,Old East York (58),678
-8841980.13817072,5416213.26093993,80496487,5000471839,2015,2015/03/20 04:00:00+00,2010,20,ST CLAIR AVE W,ARLINGTON AVE,,Major Arterial,Toronto and East York,12,13,43.681033,-79.428859,Intersection,At Intersection,Traffic Signal,Clear,"Dark, artificial",Dry,Fatal,Pedestrian Collisions,Pedestrian,80 to 84,Fatal,14,South,,,,,Pedestrian involved in a collision with transit vehicle anywhere along roadway,Crossing with right of way,Medical or Physical Disability,,,,Yes,,,,,Yes,,,,Yes,,,,94,Wychwood (94),679
-8827929.28072331,5422938.94135684,80496511,5000513611,2015,2015/03/27 04:00:00+00,2053,20,EGLINTON AVE E,VICTORIA PARK AVE,3 m West of,Major Arterial,North York,,41,43.724711,-79.302638,Intersection,Non Intersection,No Control,Clear,"Dark, artificial",Dry,Fatal,Pedestrian Collisions,Pedestrian,55 to 59,Fatal,12,Unknown,,,,,Vehicle is going straight thru inter.while ped cross without ROW,"Crossing, no Traffic Control",Other,,,,Yes,,Yes,,,,,Yes,,,,,,119,Wexford/Maryvale (119),680
-8844877.11659913,5426633.39086689,80496514,5000516992,2015,2015/03/28 04:00:00+00,1240,12,REINER RD,WILSON HEIGHTS BLVD,,Minor Arterial,North York,6,32,43.74869,-79.454883,Intersection,At Intersection,Traffic Signal,Clear,Daylight,Dry,Fatal,Pedestrian Collisions,Pedestrian,75 to 79,Fatal,13,West,,,,,Vehicle turns left while ped crosses with ROW at inter.,Crossing with right of way,Other,,,,Yes,,Yes,,,,,,,Yes,,,,33,Clanton Park (33),681
-8840116.76121434,5409503.54981499,80000100,5000543987,2015,2015/04/01 04:00:00+00,2308,23,F G GARDINER XY  W,STRACHAN AVE,,,Toronto and East York,10,14,43.637427,-79.41212,Mid-Block,,No Control,Clear,"Dark, artificial",Dry,Fatal,SMV Other,Motorcycle Driver,unknown,Fatal,15,West,Motorcycle,Going Ahead,Exceeding Speed Limit,Unknown,,,,,,,,,,Yes,,,,,Yes,Yes,,,,82,Niagara (82),682
-8833509.17019932,5413871.86358845,80496557,5000560313,2015,2015/04/04 04:00:00+00,2010,20,BROADVIEW AVE,GERRARD ST E,31 m North of,Minor Arterial,Toronto and East York,14,55,43.66582,-79.352763,Mid-Block,Non Intersection,No Control,Rain,"Dark, artificial",Wet,Fatal,Pedestrian Collisions,Pedestrian,60 to 64,Fatal,17,Unknown,,,,,Pedestrian involved in a collision with transit vehicle anywhere along roadway,"Crossing, no Traffic Control",Had Been Drinking,,,,Yes,,,,,Yes,,,,,,,,68,North Riverdale (68),683
-8849887.16160177,5422623.47412943,8000330,5000611703,2015,2015/04/13 04:00:00+00,1734,17,WILSON AVE,WILLIAM CRAGG DR,,Major Arterial,North York,6,31,43.722663,-79.499889,Mid-Block,,No Control,Clear,Daylight,Dry,Fatal,Rear End,Driver,85 to 89,Fatal,18,West,"Automobile, Station Wagon",Going Ahead,Following too Close,Inattentive,,,,,,,,,Yes,,,Yes,,,,Yes,,,,26,Downsview-Roding-CFB (26),684
-8832353.33992641,5413659.96201868,80496656,5000653521,2015,2015/04/20 04:00:00+00,1405,14,1159 DUNDAS ST E,,6 m West of,Minor Arterial,Toronto and East York,14,55,43.664443,-79.34238,Mid-Block,Non Intersection,No Control,Clear,Daylight,Dry,Fatal,Pedestrian Collisions,Pedestrian,30 to 34,Fatal,19,Unknown,,,,,Pedestrian hit on sidewalk or shoulder,On Sidewalk or Shoulder,Normal,,,,Yes,,Yes,,,,,Yes,,Yes,,,,70,South Riverdale (70),685
-8834964.89518042,5414765.38147486,80000127,5000756531,2015,2015/05/07 04:00:00+00,100,1,ROSEDALE VALLEY RD,BAYVIEW AVE,,Minor Arterial,Toronto and East York,,51,43.671626,-79.36584,Mid-Block,Non Intersection,No Control,Clear,"Dark, artificial",Dry,Fatal,SMV Other,Motorcycle Driver,25 to 29,Fatal,20,West,Motorcycle,Going Ahead,Lost control,Unknown,,,,,,,,,,Yes,,,,Yes,Yes,Yes,,,,71,Cabbagetown-South St.James Town (71),686
-8821777.87698156,5424549.1012821,80000132,5000800766,2015,2015/05/13 04:00:00+00,2208,22,DANFORTH RD,BRIMLEY RD,,Major Arterial,Scarborough,20,43,43.735163,-79.247379,Intersection,At Intersection,Traffic Signal,Clear,Dark,Dry,Fatal,Pedestrian Collisions,Pedestrian,30 to 34,Fatal,21,North,,,,,Vehicle is going straight thru inter.while ped cross without ROW,Crossing without right of way,Unknown,,,,Yes,,Yes,,,,,,,,,,,138,Eglinton East (138),687
-8845204.95249952,5412232.94615193,80238841,5000814405,2015,2015/05/16 04:00:00+00,325,3,BLOOR ST W,INDIAN GRV,50 m West of,Major Arterial,Toronto and East York,4,11,43.655169,-79.457828,Mid-Block,Non Intersection,No Control,Clear,"Dark, artificial",Dry,Fatal,Pedestrian Collisions,Pedestrian,40 to 44,Fatal,23,North,,,,,Pedestrian hit at mid-block,"Crossing, no Traffic Control",Had Been Drinking,,,,Yes,,Yes,,,,,Yes,,,,,,87,High Park-Swansea (87),688
-8836798.54983277,5415965.44150829,80000143,5000832268,2015,2015/05/19 04:00:00+00,823,8,ROXBOROUGH ST E,WRENTHAM PL,,Collector,Toronto and East York,11,53,43.679423,-79.382312,Intersection,,Stop Sign,Clear,"Daylight, artificial",Dry,Fatal,Cyclist Collisions,Cyclist,75 to 79,Fatal,26,North,Bicycle,Turning Left,,,,,,Cyclist turned left across motorists path.,Improper Turn,Unknown,,Yes,Yes,,,,,,,,,,,98,Rosedale-Moore Park (98),689
-8832182.57582754,5423390.90392252,80496869,5000851624,2015,2015/05/22 04:00:00+00,822,8,DON MILLS RD,GREEN BELT DR,,Major Arterial,North York,16,33,43.727645,-79.340846,Intersection,Intersection Related,Traffic Signal,Clear,Daylight,Dry,Fatal,Pedestrian Collisions,Pedestrian,45 to 49,Fatal,22,Unknown,,,,,Pedestrian hit on sidewalk or shoulder,On Sidewalk or Shoulder,Normal,,,,Yes,,Yes,,,,,,,Yes,,,,42,Banbury-Don Mills (42),690
-8856518.46366833,5417665.98598066,80496954,5000887145,2015,2015/05/27 04:00:00+00,2120,21,TANGAMO RD,MOFORD CRES,17 m North of,Local,Etobicoke York,2,23,43.69047,-79.559459,Intersection,Non Intersection,Stop Sign,Clear,"Dark, artificial",Dry,Fatal,SMV Other,Driver,15 to 19,Fatal,24,South,"Automobile, Station Wagon",Going Ahead,Other,Unknown,,,,,,,,,Yes,,,,,,,,,,,7,Willowridge-Martingrove-Richview (7),691
-8842152.57206196,5413119.8427472,80000141,5000912141,2015,2015/05/31 04:00:00+00,2104,21,BLOOR ST W,WESTMORELAND AVE,,Major Arterial,Toronto and East York,9,14,43.660933,-79.430408,Intersection,,No Control,Rain,Dusk,Wet,Fatal,Pedestrian Collisions,Pedestrian,35 to 39,Fatal,25,South,,,,,Pedestrian hit at mid-block,"Crossing, no Traffic Control",Normal,,,,Yes,,Yes,,,,,,Yes,Yes,,,,83,Dufferin Grove (83),692
-8821559.57946012,5427688.73532082,80503039,5000922282,2015,2015/06/02 04:00:00+00,1233,12,LAWRENCE AVE E,MCCOWAN RD,,Major Arterial,Scarborough,,43,43.755538,-79.245418,Intersection,At Intersection,Traffic Signal,Clear,Daylight,Dry,Fatal,Pedestrian Collisions,Pedestrian,70 to 74,Fatal,27,North,,,,,Vehicle is going straight thru inter.while ped cross without ROW,Crossing without right of way,Unknown,,,,Yes,,Yes,,,,,,,,,,,137,Woburn (137),693
-8850781.39107131,5428264.23249071,80497075,5000976277,2015,2015/06/11 04:00:00+00,24,2,FINCH AVE W,TOBERMORY DR,,Major Arterial,Etobicoke York,7,31,43.759272,-79.507922,Intersection,At Intersection,Traffic Signal,Clear,"Dark, artificial",Dry,Fatal,Cyclist Collisions,Cyclist,40 to 44,Fatal,28,West,Bicycle,Going Ahead,,,,,,Cyclist and Driver travelling in same direction. One vehicle rear-ended the other.,Driving Properly,Unknown,,Yes,Yes,,,,,,Yes,Yes,,Yes,,25,Glenfield-Jane Heights (25),694
-8840202.58854174,5429804.25707259,80241216,5000979465,2015,2015/06/11 04:00:00+00,1322,13,YONGE ST,EMPRESS AVE,,Major Arterial,North York,18,32,43.769263,-79.412891,Intersection,At Intersection,Traffic Signal,Clear,Daylight,Dry,Fatal,Pedestrian Collisions,Pedestrian,65 to 69,Fatal,29,,,,,,Pedestrian hit on sidewalk or shoulder,On Sidewalk or Shoulder,Normal,,,,Yes,,Yes,,,,,,,,,,,51,Willowdale East (51),695
-8850174.14324903,5407230.12976074,80000147,5000989979,2015,2015/06/13 04:00:00+00,300,3,F G GARDINER XY  W,ROYAL YORK RD,,,Etobicoke York,3,22,43.622645,-79.502467,Mid-Block,,No Control,Rain,Dark,Wet,Fatal,SMV Other,Driver,20 to 24,Fatal,30,West,"Automobile, Station Wagon",Going Ahead,Exceeding Speed Limit,Unknown,,,,,,,,,Yes,,,,,,Yes,Yes,,,,16,Stonegate-Queensway (16),696
-8838388.41480028,5415240.33849623,80497099,5000995174,2015,2015/06/13 04:00:00+00,2320,23,AVENUE RD,DAVENPORT RD,,Major Arterial,Toronto and East York,11,53,43.674712,-79.396594,Intersection,At Intersection,Traffic Signal,Clear,"Dark, artificial",Dry,Fatal,Cyclist Collisions,Cyclist,25 to 29,Fatal,31,South,Bicycle,Turning Left,,,,,,Cyclist turned left across motorists path.,Failed to Yield Right of Way,Normal,,Yes,Yes,,,,,,,,,,,95,Annex (95),697
-8843959.84399499,5417102.84894791,80143414,5001079056,2015,2015/06/26 04:00:00+00,2150,21,2058 DUFFERIN ST,,,Major Arterial,Toronto and East York,,13,43.686812,-79.446643,Mid-Block,,No Control,Clear,"Dark, artificial",Dry,Fatal,Pedestrian Collisions,Pedestrian,80 to 84,Fatal,32,West,,,,,Pedestrian hit at mid-block,"Crossing, no Traffic Control",Normal,,,,Yes,,Yes,,,,,,,,,,,107,Oakwood Village (107),698
-8853109.41558227,5407790.97368982,80502529,5001136090,2015,2015/07/06 04:00:00+00,8,8,KIPLING AVE,JUTLAND RD,,Major Arterial,Etobicoke York,3,22,43.626292,-79.528835,Intersection,Intersection Related,No Control,Clear,"Dark, artificial",Dry,Fatal,Turning Movement,Motorcycle Driver,25 to 29,Fatal,33,North,Motorcycle,Going Ahead,Exceeding Speed Limit,Unknown,,,,,,,,,Yes,Yes,,,,Yes,Yes,Yes,,,,14,Islington-City Centre West (14),699
-8838146.40622729,5423091.7496723,80197010,5001196464,2015,2015/07/14 04:00:00+00,2137,21,BUCKINGHAM AVE,DINNICK CRES,,Local,North York,15,53,43.725703,-79.39442,Intersection,,Stop Sign,Other,"Dark, artificial",Other,Fatal,Pedestrian Collisions,Pedestrian,70 to 74,Fatal,34,North,,,,,Vehicle turns left while ped crosses with ROW at inter.,Crossing with right of way,Normal,,,,Yes,,Yes,,,,,,,Yes,,,,103,Lawrence Park South (103),700
-8811604.94531542,5433412.63057849,80487332,5001276114,2015,2015/07/26 04:00:00+00,1328,13,6486 KINGSTON RD,,15 m West of,Minor Arterial,Scarborough,25,43,43.792666,-79.155994,Mid-Block,Non Intersection,No Control,Clear,Daylight,Dry,Fatal,Turning Movement,Motorcycle Driver,30 to 34,Fatal,35,East,Motorcycle,Going Ahead,Exceeding Speed Limit,Normal,,,,,,,,,Yes,Yes,,,,Yes,Yes,Yes,,,,133,Centennial Scarborough (133),701
-8847624.5929514,5421496.47544403,80246780,5001332825,2015,2015/08/04 04:00:00+00,1136,11,KEELE STREET,MAPLE LEAF DRIVE,40 m North of,Major Arterial,Etobicoke York,5,12,43.715346,-79.479564,Mid-Block,Non Intersection,No Control,Clear,Daylight,Dry,Fatal,Sideswipe,Driver,85 to 89,Fatal,37,North,"Automobile, Station Wagon",Going Ahead,Lost control,Normal,,,,,,,,,Yes,,Yes,,,Yes,,,,,,29,Maple Leaf (29),702
-8813278.85649848,5435909.08316013,80487904,5001366372,2015,2015/08/09 04:00:00+00,2110,21,MEADOWVALE RD,SHEPPARD AVE E,35 m North of,Collector,Scarborough,25,42,43.808852,-79.171031,Mid-Block,Intersection Related,No Control,Clear,"Dark, artificial",Dry,Fatal,Pedestrian Collisions,Pedestrian,35 to 39,Fatal,36,Unknown,,,,,Pedestrian hit at mid-block,"Crossing, no Traffic Control",Normal,,,,Yes,,Yes,,,,,,,,,,,131,Rouge (131),703
-8820429.13003111,5428023.79545421,80488136,5001405584,2015,2015/08/16 04:00:00+00,42,4,BELLAMY RD N,LAWRENCE AVE E,,Major Arterial,Scarborough,,43,43.757712,-79.235263,Intersection,Intersection Related,Traffic Signal,Clear,"Dark, artificial",Dry,Fatal,Angle,Passenger,25 to 29,Fatal,38,,,,,,,,,,,,,,Yes,,,,,Yes,,Yes,Yes,Yes,,137,Woburn (137),704
-8836684.78131318,5424213.55109449,80488161,5001407837,2015,2015/08/16 04:00:00+00,1210,12,2350 BAYVIEW AVE,,,Major Arterial,North York,15,33,43.732985,-79.38129,Intersection,Intersection Related,Traffic Signal,Clear,Daylight,Dry,Fatal,Turning Movement,Driver,85 to 89,Fatal,40,South,"Automobile, Station Wagon",Going Ahead,Disobeyed Traffic Control,Inattentive,,,,,,,,,Yes,,,,,,,Yes,Yes,,,41,Bridle Path-Sunnybrook-York Mills (41),705
-8844669.83970727,5433125.02518831,80488485,5001457314,2015,2015/08/24 04:00:00+00,1325,13,STEELES AVE W,TORRESDALE AVE,1 m East of,Major Arterial,North York,6,32,43.790801,-79.453021,Intersection,At Intersection,Traffic Signal,Clear,Daylight,Dry,Fatal,Pedestrian Collisions,Pedestrian,85 to 89,Fatal,39,Unknown,,,,,Vehicle is going straight thru inter.while ped cross without ROW,Crossing without right of way,Medical or Physical Disability,,,,Yes,,Yes,,,,,,,,,,,35,Westminster-Branson (35),706
-8847872.61277688,5407311.01713365,80197024,5001518617,2015,2015/09/03 04:00:00+00,736,7,PARK LAWN RD,LAKE SHORE BLVD W,,Major Arterial,Etobicoke York,3,22,43.623171,-79.481792,Mid-Block,,No Control,Clear,Daylight,Dry,Fatal,Pedestrian Collisions,Pedestrian,70 to 74,Fatal,41,West,,,,,Pedestrian hit at mid-block,"Crossing, no Traffic Control",Normal,,,,Yes,,,,Yes,,,,,,,,,17,Mimico (includes Humber Bay Shores) (17),707
-8844188.2715901,5428550.60734587,80488918,5001534311,2015,2015/09/05 04:00:00+00,1652,16,MAXWELL ST,HOVE ST,40 m South of,Local,North York,6,32,43.76113,-79.448695,Intersection,Non Intersection,No Control,Clear,Daylight,Dry,Fatal,SMV Other,Passenger,90 to 94,Fatal,45,,,,,,,,,,,,,,Yes,,,,,Yes,,,,,,34,Bathurst Manor (34),708
-8842679.11325341,5408876.31178361,80488952,5001538313,2015,2015/09/06 04:00:00+00,1034,10,LAKE SHORE BLVD W,JAMESON AVE,1 m West of,Major Arterial,Toronto and East York,4,14,43.633349,-79.435138,Mid-Block,Non Intersection,No Control,Clear,Daylight,Dry,Fatal,SMV Other,Motorcycle Driver,55 to 59,Fatal,42,East,Motorcycle,Going Ahead,Lost control,Unknown,,,,,,,,,,Yes,,,,,,,,,,85,South Parkdale (85),709
-8830552.85848232,5413617.02830589,80489505,5001612624,2015,2015/09/18 04:00:00+00,610,6,QUEEN ST E,HILTZ AVE,5 m West of,Minor Arterial,Toronto and East York,14,55,43.664164,-79.326206,Intersection,Non Intersection,No Control,Clear,Dark,Dry,Fatal,Approaching,Motorcycle Driver,35 to 39,Fatal,43,East,Motorcycle,Going Ahead,Lost control,Inattentive,,,,,,,,,,Yes,,Yes,,,,,,,,70,South Riverdale (70),710
-8824418.26398369,5429596.15144274,80489600,5001628551,2015,2015/09/20 04:00:00+00,2000,20,MIDLAND AVE,ELLESMERE RD,,Major Arterial,Scarborough,21,41,43.767913,-79.271098,Intersection,At Intersection,Traffic Signal,Clear,"Dark, artificial",Dry,Fatal,Turning Movement,Passenger,80 to 84,Fatal,44,,,,,,,,,,,,,,Yes,,,,,Yes,,,,,,127,Bendale (127),711
-8834954.76510676,5412257.56392319,80251173,5001640604,2015,2015/09/22 04:00:00+00,1751,17,QUEEN ST E,BERKELEY ST,2 m West of,Major Arterial,Toronto and East York,13,51,43.655329,-79.365749,Intersection,Intersection Related,No Control,Clear,Daylight,Dry,Fatal,Pedestrian Collisions,Pedestrian,90 to 94,Fatal,52,South,,,,,Vehicle is going straight thru inter.while ped cross without ROW,Crossing without right of way,Normal,,,,Yes,,Yes,,,,,,,,,,,73,Moss Park (73),712
-8844395.54848196,5409774.57657281,80489687,5001649654,2015,2015/09/24 04:00:00+00,636,6,THE QUEENSWAY,GLENDALE AVE,57 m East of,Major Arterial,Toronto and East York,4,11,43.639189,-79.450557,Mid-Block,At Intersection,No Control,Clear,"Dark, artificial",Dry,Fatal,Pedestrian Collisions,Pedestrian,75 to 79,Fatal,51,North,,,,,Pedestrian hit at mid-block,"Crossing, no Traffic Control",Normal,,,,Yes,,Yes,,,,,,,,,,,87,High Park-Swansea (87),713
-8856763.92314552,5410806.30448847,80489774,5001661734,2015,2015/09/26 04:00:00+00,1,1,BURNHAMTHORPE RD,427 C N BURNHAMTHORPE RAMP,,Major Arterial,Etobicoke York,2,22,43.645896,-79.561664,Intersection,At Intersection,Traffic Signal,Clear,"Dark, artificial",Dry,Fatal,Turning Movement,Driver,30 to 34,Fatal,47,East,"Automobile, Station Wagon",Going Ahead,Disobeyed Traffic Control,"Ability Impaired, Alcohol",,,,,,,,,Yes,,,,,,Yes,Yes,Yes,Yes,,14,Islington-City Centre West (14),714
-8846722.68243699,5423690.53002762,80489966,5001691895,2015,2015/09/30 04:00:00+00,2355,23,WILSON AVE,MURRAY RD,,Major Arterial,North York,6,32,43.72959,-79.471462,Intersection,At Intersection,No Control,Clear,"Dark, artificial",Dry,Fatal,Turning Movement,Motorcycle Passenger,20 to 24,Fatal,46,,,,,,,,,,,,,,Yes,Yes,,,,Yes,Yes,Yes,,,,26,Downsview-Roding-CFB (26),715
-8854436.78919049,5411544.5982812,80490007,5001705355,2015,2015/10/03 04:00:00+00,351,3,BURNHAMTHORPE RD,PRENNAN AVE,1 m East of,Major Arterial,Etobicoke York,2,22,43.650695,-79.540759,Intersection,Non Intersection,No Control,Clear,Dark,Dry,Fatal,SMV Other,Passenger,40 to 44,Fatal,48,,,,,,,,,,,,,,Yes,,,,,Yes,Yes,Yes,,,,14,Islington-City Centre West (14),716
-8816600.51878426,5435339.43263774,80490055,5001722553,2015,2015/10/06 04:00:00+00,621,6,MORNINGSIDE AVE,SHEPPARD AVE E,358 m North of,Major Arterial,Scarborough,25,42,43.805159,-79.20087,Mid-Block,Non Intersection,No Control,Clear,"Dawn, artificial",Dry,Fatal,Rear End,Driver,50 to 54,Fatal,49,South,"Automobile, Station Wagon",Going Ahead,Lost control,Unknown,,,,,,,,,Yes,,,Yes,,,,,,,,131,Rouge (131),717
-8854507.36574765,5416856.85289748,80197062,5001750958,2015,2015/10/10 04:00:00+00,1919,19,ISLINGTON AVE,DEERFOOT RD,,Major Arterial,Etobicoke York,2,23,43.685214,-79.541393,Intersection,,No Control,Clear,Dark,Dry,Fatal,Pedestrian Collisions,Pedestrian,20 to 24,Fatal,50,Unknown,,,,,Vehicle is going straight thru inter.while ped cross without ROW,"Crossing, no Traffic Control",Inattentive,,,,Yes,,Yes,,,,,,Yes,Yes,,,,7,Willowridge-Martingrove-Richview (7),718
-8846872.07319363,5416808.0547102,80491048,5001824991,2015,2015/10/23 04:00:00+00,1437,14,KEELE ST,DONALD AVE,,Major Arterial,Etobicoke York,5,12,43.684897,-79.472804,Intersection,Intersection Related,Traffic Signal,Clear,Daylight,Dry,Fatal,Pedestrian Collisions,Pedestrian,75 to 79,Fatal,53,East,,,,,Vehicle turns left while ped crosses with ROW at inter.,Crossing with right of way,Normal,,,,Yes,,Yes,,,,,,,,,,,110,Keelesdale-Eglinton West (110),719
-8860224.84611429,5420881.35887473,80491926,5001891795,2015,2015/11/03 05:00:00+00,1755,17,HIGHWAY 27  N,VICE REGENT BLVD,,Major Arterial,Etobicoke York,1,23,43.711352,-79.592754,Intersection,Intersection Related,No Control,Clear,"Dark, artificial",Dry,Fatal,Cyclist Collisions,Cyclist,55 to 59,Fatal,54,East,Bicycle,Going Ahead,,,,,,"Cyclist without ROW rides into path of motorist at inter, lnwy, dwy-Cyclist not turn.",Other,Unknown,,Yes,Yes,,,,,,,,,,,1,West Humber-Clairville (1),720
-8850325.31511753,5419574.87270213,80492560,5001940328,2015,2015/11/11 05:00:00+00,2004,20,LAWRENCE AVE W,JANE ST,5 m West of,Major Arterial,Etobicoke York,5,12,43.702868,-79.503825,Intersection,Non Intersection,No Control,Clear,"Dark, artificial",Dry,Fatal,Pedestrian Collisions,Pedestrian,85 to 89,Fatal,55,South,,,,,Pedestrian hit at mid-block,"Crossing, no Traffic Control",Inattentive,,,,Yes,,Yes,,,,,,,,,,,30,Brookhaven-Amesbury (30),721
-8841544.43368376,5419053.96213297,80492721,5001954714,2015,2015/11/14 05:00:00+00,825,8,1996 BATHURST ST,,,Major Arterial,Toronto and East York,12,13,43.699485,-79.424945,Mid-Block,Non Intersection,No Control,Clear,Daylight,Dry,Fatal,Pedestrian Collisions,Pedestrian,85 to 89,Fatal,65,,"Automobile, Station Wagon",,,,Pedestrian hit at parking lot,Other,Normal,,,,Yes,,Yes,,,,,,,,,,,101,Forest Hill South (101),722
-8818634.54852003,5425866.92402557,80493007,5001980850,2015,2015/11/18 05:00:00+00,1710,17,MARKHAM RD,EGLINTON AVE E,55 m North of,Major Arterial,Scarborough,24,43,43.743716,-79.219142,Mid-Block,Non Intersection,No Control,Rain,"Dark, artificial",Wet,Fatal,Pedestrian Collisions,Pedestrian,45 to 49,Fatal,56,East,,,,,Pedestrian hit at mid-block,"Crossing, no Traffic Control",Inattentive,,,,Yes,,Yes,,,,,,,,,,,139,Scarborough Village (139),723
-8823602.96003312,5434762.87666278,80493406,5002013764,2015,2015/11/24 05:00:00+00,603,6,MCCOWAN RD,KENHATCH BLVD,,Major Arterial,Scarborough,23,42,43.801421,-79.263774,Intersection,At Intersection,Traffic Signal,Snow,Dark,Wet,Fatal,Pedestrian Collisions,Pedestrian,25 to 29,Fatal,57,Unknown,,,,,Vehicle is going straight thru inter.while ped cross with ROW,Crossing with right of way,Normal,,,,Yes,,Yes,,,,,,Yes,Yes,Yes,,,129,Agincourt North (129),724
-8839985.96081265,5419760.57834507,80493599,5002027343,2015,2015/11/26 05:00:00+00,934,9,EGLINTON AVE W,ELMSTHORPE AVE,,Major Arterial,North York,,53,43.704074,-79.410945,Intersection,At Intersection,No Control,Clear,Daylight,Dry,Fatal,Pedestrian Collisions,Pedestrian,85 to 89,Fatal,59,West,,,,,Vehicle turns left while ped crosses with ROW at inter.,Crossing with right of way,Normal,,,,Yes,,Yes,,,,,,,Yes,,,,103,Lawrence Park South (103),725
-8841611.55933671,5419284.77285557,80493667,5002032713,2015,2015/11/27 05:00:00+00,532,5,EGLINTON AVE W,BATHURST ST,,Major Arterial,North York,,53,43.700984,-79.425548,Intersection,At Intersection,Traffic Signal,Clear,Dark,Dry,Fatal,Pedestrian Collisions,Pedestrian,20 to 24,Fatal,58,South,,,,,Vehicle turns right while ped crosses with ROW at inter.,Crossing with right of way,Normal,,,,Yes,,,,Yes,,,,,Yes,Yes,,,102,Forest Hill North (102),726