X,Y,Index_,ACCNUM,YEAR,DATE,TIME,HOUR,STREET1,STREET2,OFFSET,ROAD_CLASS,District,WardNum,Division,LATITUDE,LONGITUDE,LOCCOORD,ACCLOC,TRAFFCTL,VISIBILITY,LIGHT,RDSFCOND,ACCLASS,IMPACTYPE,INVTYPE,INVAGE,INJURY,FATAL_NO,INITDIR,VEHTYPE,MANOEUVER,DRIVACT,DRIVCOND,PEDTYPE,PEDACT,PEDCOND,CYCLISTYPE,CYCACT,CYCCOND,PEDESTRIAN,CYCLIST,AUTOMOBILE,MOTORCYCLE,TRUCK,TRSN_CITY_VEH,EMERG_VEH,PASSENGER,SPEEDING,AG_DRIV,REDLIGHT,ALCOHOL,DISABILITY,Hood_ID,Neighbourhood,ObjectId
-8842264.67078919,5423232.23696918,80493934,5002054157,2015,2015/11/30 05:00:00+00,1715,17,BATHURST ST,MARMION AVE,7 m East of,Major Arterial,North York,8,32,43.726615,-79.431415,Intersection,Intersection Related,No Control,Clear,"Dark, artificial",Dry,Fatal,Pedestrian Collisions,Pedestrian,65 to 69,Fatal,60,Unknown,,,,,Vehicle turns left while ped crosses with ROW at inter.,"Crossing, no Traffic Control",Normal,,,,Yes,,Yes,,,,,,,Yes,,,,39,Bedford Park-Nortown (39),727
-8842086.33696494,5422097.4626723,80257630,5002065903,2015,2015/12/02 05:00:00+00,1419,14,LAWRENCE AVE W,BATHURST ST,1 m West of,Major Arterial,North York,8,32,43.719248,-79.429813,Intersection,Intersection Related,Traffic Signal,Clear,Daylight,Dry,Fatal,Pedestrian Collisions,Pedestrian,90 to 94,Fatal,62,North,,,,,Vehicle turns left while ped crosses without ROW at inter.,Crossing without right of way,Inattentive,,,,Yes,,Yes,,,,,,,Yes,,,,39,Bedford Park-Nortown (39),728
-8819556.05126482,5423670.04114599,80494144,5002074254,2015,2015/12/03 05:00:00+00,2038,20,KINGSTON RD,FAIRCROFT BLVD,119 m West of,Major Arterial,Scarborough,20,43,43.729457,-79.22742,Mid-Block,Non Intersection,No Control,Clear,"Dark, artificial",Dry,Fatal,SMV Unattended Vehicle,Driver,30 to 34,Fatal,61,West,"Automobile, Station Wagon",Going Ahead,Lost control,Inattentive,,,,,,,,,Yes,,,,,,Yes,Yes,,,,123,Cliffcrest (123),729
-8850282.90239154,5419374.08075428,80495064,5002147377,2015,2015/12/15 05:00:00+00,1100,11,JANE ST,SPEERS AVE,,Major Arterial,Etobicoke York,5,12,43.701564,-79.503444,Intersection,At Intersection,No Control,Clear,Daylight,Dry,Fatal,Turning Movement,Passenger,80 to 84,Fatal,63,,,,,,,,,,,,,,Yes,,,,,Yes,,,,,,30,Brookhaven-Amesbury (30),730
-8830782.06531387,5416414.59988361,80496257,5002235651,2015,2015/12/30 05:00:00+00,2339,23,DANFORTH AVE,GILLARD AVE,,Major Arterial,Toronto and East York,14,54,43.682341,-79.328265,Intersection,At Intersection,No Control,Clear,"Dark, artificial",Dry,Fatal,Pedestrian Collisions,Pedestrian,60 to 64,Fatal,64,South,,,,,Vehicle is going straight thru inter.while ped cross with ROW,"Crossing, no Traffic Control",Normal,,,,Yes,,Yes,,,,,,,Yes,,,,65,Greenwood-Coxwell (65),731
-8825485.03866396,5429069.74224289,80497621,6000014911,2016,2016/01/03 05:00:00+00,1915,19,1400 KENNEDY RD,,196 m North of,Major Arterial,Scarborough,21,41,43.764498,-79.280681,Mid-Block,Non Intersection,No Control,Clear,"Dark, artificial",Dry,Fatal,Pedestrian Collisions,Pedestrian,35 to 39,Fatal,1,Unknown,,,,,Pedestrian hit at mid-block,Crossing without right of way,Had Been Drinking,,,,Yes,,Yes,,,,,Yes,,Yes,,,,126,Dorset Park (126),732
-8847992.39254898,5417340.69241171,80499255,6000032002,2016,2016/01/06 05:00:00+00,1429,14,BLACK CREEK DR,EGLINTON AVE W,13 m West of,Major Arterial,Etobicoke York,5,12,43.688357,-79.482868,Intersection,Intersection Related,Traffic Signal,Clear,Daylight,Dry,Fatal,Turning Movement,Driver,90 to 94,Fatal,5,West,"Automobile, Station Wagon",Going Ahead,Driving Properly,Normal,,,,,,,,,Yes,,,,,,,,,,,110,Keelesdale-Eglinton West (110),733
-8854525.95610262,5402678.51049841,80500048,6000042274,2016,2016/01/08 05:00:00+00,520,5,BROWN S LINE,LAKE SHORE BLVD W,30 m North of,Major Arterial,Etobicoke York,3,22,43.593039,-79.54156,Mid-Block,Non Intersection,No Control,Clear,"Dark, artificial",Wet,Fatal,SMV Other,Driver,40 to 44,Fatal,2,South,"Automobile, Station Wagon",Going Ahead,Speed too Fast For Condition,Unknown,,,,,,,,,Yes,,,,,,Yes,Yes,,,,19,Long Branch (19),734
-8831695.10777735,5437141.98116907,80500626,6000080482,2016,2016/01/14 05:00:00+00,1129,11,STEELES AVE E,PHARMACY AVE,,Major Arterial,Scarborough,22,42,43.816844,-79.336467,Intersection,At Intersection,Traffic Signal,Clear,Daylight,Wet,Fatal,Turning Movement,Driver,35 to 39,Fatal,3,West,"Automobile, Station Wagon",Turning Left,Failed to Yield Right of Way,Unknown,,,,,,,,,Yes,,Yes,,,,,Yes,,,,116,Steeles (116),735
-8836223.58466282,5420831.46138129,80500721,6000087893,2016,2016/01/15 05:00:00+00,1435,14,BAYVIEW AVE,EGLINTON AVE E,6 m North of,Major Arterial,North York,15,53,43.711028,-79.377147,Intersection,Intersection Related,Traffic Signal,Clear,Daylight,Wet,Fatal,Pedestrian Collisions,Pedestrian,80 to 84,Fatal,6,East,,,,,Vehicle turns right while ped crosses with ROW at inter.,Crossing with right of way,Normal,,,,Yes,,Yes,,,,,Yes,,,,,,56,Leaside-Bennington (56),736
-8829897.18668155,5430826.35512958,80497128,6000101056,2016,2016/01/17 05:00:00+00,1935,19,SHEPPARD AVE E,CHICHESTER PL,,Major Arterial,Scarborough,22,42,43.775893,-79.320316,Intersection,At Intersection,No Control,Clear,"Dark, artificial",Dry,Fatal,Pedestrian Collisions,Pedestrian,75 to 79,Fatal,4,North,,,,,Vehicle is going straight thru inter.while ped cross without ROW,"Crossing, no Traffic Control",Inattentive,,,,Yes,,Yes,,,,,,,,,,,118,Tam O'Shanter-Sullivan (118),737
-8854360.42401981,5409299.2851839,80485259,6000164025,2016,2016/01/28 05:00:00+00,925,9,DUNDAS ST W,POPLAR AVE,,Major Arterial,Etobicoke York,3,22,43.636099,-79.540073,Intersection,At Intersection,Traffic Signal,Clear,Daylight,Dry,Fatal,Pedestrian Collisions,Pedestrian,45 to 49,Fatal,10,South,,,,,Pedestrian involved in a collision with transit vehicle anywhere along roadway,Crossing with right of way,Normal,,,,Yes,,,,,Yes,,,,Yes,,,,14,Islington-City Centre West (14),738
-8842933.92356784,5413700.43376578,80485306,6000179020,2016,2016/01/30 05:00:00+00,1753,17,DUFFERIN ST,ARMSTRONG AVE,,Major Arterial,Toronto and East York,9,14,43.664706,-79.437427,Intersection,,No Control,Clear,"Dark, artificial",Dry,Fatal,Pedestrian Collisions,Pedestrian,90 to 94,Fatal,7,West,,,,,Vehicle is going straight thru inter.while ped cross without ROW,"Crossing, no Traffic Control",Inattentive,,,,Yes,,Yes,,,,,,,,,,,93,Dovercourt-Wallace Emerson-Junction (93),739
-8849227.25966035,5428425.91451013,80485309,6000181395,2016,2016/01/31 05:00:00+00,230,2,DERRYDOWN RD,ROMFIELD DR,,Local,Etobicoke York,7,31,43.760321,-79.493961,Intersection,,Stop Sign,Clear,"Dark, artificial",Wet,Fatal,SMV Other,Passenger,45 to 49,Fatal,8,,,,,,,,,,,,,,Yes,,,,,Yes,,,,Yes,,27,York University Heights (27),740
-8852256.7082828,5403742.80390161,80485310,6000188538,2016,2016/02/01 05:00:00+00,1033,10,BIRMINGHAM ST,TWENTY FIRST ST,,Collector,Etobicoke York,3,22,43.599963,-79.521175,Intersection,,Pedestrian Crossover,Clear,Daylight,Dry,Fatal,Sideswipe,Driver,85 to 89,Fatal,9,West,"Automobile, Station Wagon",Going Ahead,Lost control,Unknown,,,,,,,,,Yes,,,,,,Yes,Yes,,,,18,New Toronto (18),741
-8840325.70789856,5432940.28393981,80485352,6000243323,2016,2016/02/10 05:00:00+00,954,9,WEDGEWOOD DR,TOBRUK CRES,,Local,North York,18,32,43.789603,-79.413997,Intersection,,Stop Sign,Clear,Daylight,Wet,Fatal,Pedestrian Collisions,Pedestrian,80 to 84,Fatal,12,West,,,,,Pedestrian hit on sidewalk or shoulder,On Sidewalk or Shoulder,Normal,,,,Yes,,Yes,,,,,,,Yes,,,,50,Newtonbrook East (50),742
-8850300.71351007,5428412.96751379,80498706,6000261829,2016,2016/02/13 05:00:00+00,1018,10,FINCH AVE W,TOBERMORY DR,450 m East of,Major Arterial,Etobicoke York,7,31,43.760237,-79.503604,Mid-Block,Non Intersection,No Control,Clear,Daylight,Dry,Fatal,Pedestrian Collisions,Pedestrian,70 to 74,Fatal,11,South,,,,,Vehicle is going straight thru inter.while ped cross without ROW,Running onto Roadway,Inattentive,,,,Yes,,Yes,,,,,Yes,,,,,,27,York University Heights (27),743
-8827326.26304168,5418137.08926942,80501740,6000291466,2016,2016/02/18 05:00:00+00,1315,13,DAWES RD,SECORD AVE,,Minor Arterial,Toronto and East York,19,54,43.69353,-79.297221,Intersection,At Intersection,Traffic Signal,Clear,Daylight,Dry,Fatal,Pedestrian Collisions,Pedestrian,70 to 74,Fatal,13,North,,,,,Vehicle turns right while ped crosses with ROW at inter.,Crossing with right of way,Normal,,,,Yes,,Yes,,,,,,,Yes,,,,61,Taylor-Massey (61),744
-8843007.83970973,5410018.69203927,80498961,6000294353,2016,2016/02/18 05:00:00+00,2230,22,MACDONELL AVE,LN n QUEEEN E FULLER,1 m South of,Local,Toronto and East York,4,11,43.640776,-79.438091,Intersection,At Intersection,No Control,Clear,Dark,Dry,Fatal,Pedestrian Collisions,Pedestrian,70 to 74,Fatal,15,West,,,,,Vehicle is going straight thru inter.while ped cross without ROW,Crossing without right of way,Inattentive,,,,Yes,,,,,Yes,,,,,,,,86,Roncesvalles (86),745
-8835788.77073178,5412010.00444762,80501887,6000381883,2016,2016/03/04 05:00:00+00,1411,14,JARVIS ST,QUEEN ST E,,Major Arterial,Toronto and East York,13,51,43.65372,-79.373241,Intersection,Intersection Related,Traffic Signal,Clear,Daylight,Dry,Fatal,Pedestrian Collisions,Pedestrian,30 to 34,Fatal,14,East,,,,,Vehicle is going straight thru inter.while ped cross without ROW,Crossing without right of way,Medical or Physical Disability,,,,Yes,,,,Yes,,,,,,,,,73,Moss Park (73),746
-8858061.68576919,5429095.02152924,80500883,6000414700,2016,2016/03/09 05:00:00+00,1835,18,STEELES AVE W,ISLINGTON AVE,,Major Arterial,Etobicoke York,7,31,43.764662,-79.573322,Mid-Block,,No Control,Clear,Daylight,Dry,Fatal,Rear End,Motorcycle Driver,25 to 29,Fatal,16,West,Motorcycle,Going Ahead,Speed too Fast For Condition,Unknown,,,,,,,,,,Yes,,,,,Yes,Yes,,,,21,Humber Summit (21),747
-8833727.46772077,5433410.31736261,80000079,6000441684,2016,2016/03/14 04:00:00+00,952,9,DON MILLS RD,FINCH AVE E,,Major Arterial,North York,17,33,43.792651,-79.354724,Intersection,At Intersection,Traffic Signal,Rain,Daylight,Wet,Fatal,Angle,Passenger,55 to 59,Fatal,17,,,,,,,,,,,,,,Yes,,,,,Yes,,Yes,Yes,,,48,Hillcrest Village (48),748
-8835094.91634567,5411664.29389242,80502826,6000500403,2016,2016/03/23 04:00:00+00,2015,20,KING ST E,PRINCESS ST,10 m East of,Major Arterial,Toronto and East York,13,51,43.651473,-79.367008,Mid-Block,Intersection Related,No Control,Freezing Rain,"Dark, artificial",Wet,Fatal,Pedestrian Collisions,Pedestrian,75 to 79,Fatal,18,North,,,,,Pedestrian hit at mid-block,"Crossing, no Traffic Control",Inattentive,,,,Yes,,Yes,,,,,,,,,,,73,Moss Park (73),749
-8833454.84628781,5433487.42487163,80503035,6000530490,2016,2016/03/29 04:00:00+00,901,9,FINCH AVE E,SKYMARK DR,,Major Arterial,North York,17,33,43.793151,-79.352275,Intersection,Intersection Related,Traffic Signal,Clear,Daylight,Dry,Fatal,Pedestrian Collisions,Pedestrian,75 to 79,Fatal,19,North,,,,,Vehicle turns left while ped crosses without ROW at inter.,"Crossing, no Traffic Control",Normal,,,,Yes,,Yes,,,,,,,,,,,47,Don Valley Village (47),750
-8821644.51623159,5437663.91450615,80503036,6000548529,2016,2016/03/31 04:00:00+00,2146,21,MARKHAM RD,NASHDENE RD,,Major Arterial,Scarborough,23,42,43.820227,-79.246181,Intersection,Intersection Related,Traffic Signal,Rain,Dark,Wet,Fatal,Pedestrian Collisions,Pedestrian,55 to 59,Fatal,20,West,,,,,Vehicle turns left while ped crosses without ROW at inter.,Crossing without right of way,Inattentive,,,,Yes,,Yes,,,,,,,,,,,131,Rouge (131),751
-8841098.59912313,5420405.4956123,80503082,6000595012,2016,2016/04/08 04:00:00+00,902,9,ST CLEMENTS AVE,CALDOW RD,,Local,North York,8,53,43.708262,-79.42094,Intersection,Intersection Related,Stop Sign,Clear,Daylight,Dry,Fatal,Angle,Driver,35 to 39,Fatal,21,East,"Automobile, Station Wagon",Going Ahead,Disobeyed Traffic Control,Unknown,,,,,,,,,Yes,,,,,,Yes,Yes,,,,102,Forest Hill North (102),752
-8839869.63194477,5432793.78892107,80503947,6000605777,2016,2016/04/09 04:00:00+00,2111,21,CUMMER AVE,WILLOWDALE AVE,,Minor Arterial,North York,18,32,43.788653,-79.4099,Intersection,Intersection Related,Traffic Signal,Clear,Dark,Dry,Fatal,Angle,Driver,30 to 34,Fatal,25,West,"Automobile, Station Wagon",Going Ahead,Disobeyed Traffic Control,Unknown,,,,,,,,,Yes,,,,,,,Yes,Yes,,,50,Newtonbrook East (50),753
-8851369.1579827,5425198.66745342,80503019,6000607400,2016,2016/04/10 04:00:00+00,326,3,JANE ST,SHEPPARD AVE W,,Major Arterial,Etobicoke York,,31,43.739379,-79.513202,Intersection,Intersection Related,Traffic Signal,Clear,"Dark, artificial",Dry,Fatal,Rear End,Passenger,20 to 24,Fatal,23,,,,,,,,,,,,,,Yes,,,,,Yes,Yes,Yes,,,,25,Glenfield-Jane Heights (25),754
-8851369.1579827,5425198.66745342,80503077,6000607400,2016,2016/04/10 04:00:00+00,326,3,JANE ST,SHEPPARD AVE W,,Major Arterial,Etobicoke York,,31,43.739379,-79.513202,Intersection,Intersection Related,Traffic Signal,Clear,"Dark, artificial",Dry,Fatal,Rear End,Passenger,20 to 24,Fatal,24,,,,,,,,,,,,,,Yes,,,,,Yes,Yes,Yes,,,,25,Glenfield-Jane Heights (25),755
-8851369.1579827,5425198.66745342,80503078,6000607400,2016,2016/04/10 04:00:00+00,326,3,JANE ST,SHEPPARD AVE W,,Major Arterial,Etobicoke York,,31,43.739379,-79.513202,Intersection,Intersection Related,Traffic Signal,Clear,"Dark, artificial",Dry,Fatal,Rear End,Passenger,15 to 19,Fatal,22,,,,,,,,,,,,,,Yes,,,,,Yes,Yes,Yes,,,,25,Glenfield-Jane Heights (25),756
-8830325.21012365,5431109.88023172,80503948,6000688444,2016,2016/04/22 04:00:00+00,1727,17,VICTORIA PARK AVE,PATRICK BLVD,,Major Arterial,North York,,42,43.777732,-79.324161,Intersection,Intersection Related,Traffic Signal,Clear,Daylight,Dry,Fatal,Pedestrian Collisions,Pedestrian,55 to 59,Fatal,26,East,,,,,Vehicle is going straight thru inter.while ped cross without ROW,Crossing without right of way,Inattentive,,,,Yes,,Yes,,,,,,,,,,,117,L'Amoreaux (117),757
-8848385.57299046,5412052.77683515,80503926,6000691297,2016,2016/04/23 04:00:00+00,356,3,JANE ST,HUMBERVIEW RD,,Major Arterial,Toronto and East York,4,11,43.653998,-79.4864,Intersection,Non Intersection,No Control,Other,Dark,Other,Fatal,SMV Other,Passenger,20 to 24,Fatal,27,,,,,,,,,,,,,,Yes,,,,,Yes,Yes,Yes,,,,89,Runnymede-Bloor West Village (89),758
-8819058.34182148,5425646.42636284,80503971,6000707918,2016,2016/04/25 04:00:00+00,2139,21,EGLINTON AVE E,BEACHELL ST,,Major Arterial,Scarborough,,43,43.742285,-79.222949,Mid-Block,Non Intersection,No Control,Rain,Dark,Wet,Fatal,Pedestrian Collisions,Pedestrian,60 to 64,Fatal,28,North,,,,,Pedestrian hit at mid-block,"Crossing, no Traffic Control",Normal,,,,Yes,,Yes,,,,,,,,,,,139,Scarborough Village (139),759
-8840967.79872145,5424440.94740946,80503954,6000746605,2016,2016/05/01 04:00:00+00,2033,20,AVENUE RD,FELBRIGGE AVE,,Major Arterial,North York,8,32,43.734461,-79.419765,Mid-Block,Non Intersection,No Control,Rain,"Dark, artificial",Wet,Fatal,Pedestrian Collisions,Pedestrian,90 to 94,Fatal,29,West,,,,,Vehicle is going straight thru inter.while ped cross without ROW,"Crossing, no Traffic Control",Inattentive,,,,Yes,,Yes,,,,,,,,,,,39,Bedford Park-Nortown (39),760
-8826401.42071217,5414937.90840435,80504003,6000755736,2016,2016/05/03 04:00:00+00,948,9,3 SPRUCE HILL RD,,,Local,Toronto and East York,19,55,43.672747,-79.288913,Mid-Block,Non Intersection,No Control,Clear,Daylight,Dry,Fatal,Pedestrian Collisions,Pedestrian,65 to 69,Fatal,30,Unknown,,,,,Pedestrian hit at parking lot,Other,Normal,,,,Yes,,Yes,,,,,,,,,,,63,The Beaches (63),761
-8851153.42080954,5424031.9153814,80542229,6000848793,2016,2016/05/17 04:00:00+00,1414,14,JANE ST,TROUTBROOKE DR,,Major Arterial,Etobicoke York,,31,43.731806,-79.511264,Intersection,At Intersection,Traffic Signal,Clear,Daylight,Dry,Fatal,Turning Movement,Motorcycle Driver,30 to 34,Fatal,31,North,Motorcycle,Going Ahead,Driving Properly,Normal,,,,,,,,,Yes,Yes,,,,,,Yes,,,,26,Downsview-Roding-CFB (26),762
-8861038.4802725,5423343.7656884,80542277,6000894195,2016,2016/05/24 04:00:00+00,1350,13,HIGHWAY 27  N,HUMBER COLLEGE BLVD,,Major Arterial,Etobicoke York,1,23,43.727339,-79.600063,Mid-Block,Non Intersection,No Control,Clear,Daylight,Dry,Fatal,Rear End,Driver,70 to 74,Fatal,32,North,"Automobile, Station Wagon",Going Ahead,Driving Properly,Normal,,,,,,,,,Yes,,Yes,,,Yes,Yes,Yes,,,,1,West Humber-Clairville (1),763
-8857071.3875791,5406634.72205603,80542280,6000923025,2016,2016/05/28 04:00:00+00,1800,18,THE WEST MALL,WESTSIDE DR,,Minor Arterial,Etobicoke York,3,22,43.618773,-79.564426,Mid-Block,Non Intersection,No Control,Clear,Daylight,Dry,Fatal,Approaching,Driver,20 to 24,Fatal,33,South,"Automobile, Station Wagon",Changing Lanes,Lost control,Inattentive,,,,,,,,,Yes,,,,,Yes,Yes,Yes,,,,14,Islington-City Centre West (14),764
-8846274.17620858,5417303.12967091,80542830,6000936557,2016,2016/05/30 04:00:00+00,1728,17,4 EWART AVE,,,Local,Etobicoke York,5,12,43.688113,-79.467433,Intersection,Non Intersection,No Control,Clear,Daylight,Dry,Fatal,Other,Driver,65 to 69,Fatal,34,Unknown,"Automobile, Station Wagon",Reversing,Other,Unknown,,,,,,,,,Yes,,,,,,,,,,,110,Keelesdale-Eglinton West (110),765
-8831230.57154227,5425043.97534526,80542279,6000942671,2016,2016/05/31 04:00:00+00,1441,14,DON VALLEY PARKWAY  S,LAWRENCE AVE E,,,North York,16,33,43.738375,-79.332294,Mid-Block,Non Intersection,No Control,Clear,Daylight,Dry,Fatal,Rear End,Driver,70 to 74,Fatal,35,South,"Automobile, Station Wagon",Going Ahead,Speed too Slow,Inattentive,,,,,,,,,Yes,,Yes,,,,,,,,,42,Banbury-Don Mills (42),766
-8824065.0472394,5424091.38181149,80545821,6000983076,2016,2016/06/06 04:00:00+00,1435,14,KENNEDY RD,EGLINTON AVE E,,Major Arterial,Scarborough,,41,43.732192,-79.267925,Intersection,At Intersection,Traffic Signal,Clear,Daylight,Dry,Fatal,Turning Movement,Passenger,65 to 69,Fatal,44,,,,,,,,,,,,,,Yes,,,,,Yes,,Yes,Yes,,,124,Kennedy Park (124),767
-8837908.62779496,5410005.77083217,80542827,6001035774,2016,2016/06/14 04:00:00+00,1415,14,BREMNER BLVD,SPADINA AVE,,Minor Arterial,Toronto and East York,10,52,43.640692,-79.392284,Mid-Block,Non Intersection,No Control,Clear,Daylight,Dry,Fatal,Pedestrian Collisions,Pedestrian,35 to 39,Fatal,36,Unknown,,,,,Pedestrian hit on sidewalk or shoulder,On Sidewalk or Shoulder,Unknown,,,,Yes,,Yes,,,,,,,Yes,,,,77,Waterfront Communities-The Island (77),768
-8821790.56740351,5427621.69393137,80542289,6001039195,2016,2016/06/15 04:00:00+00,37,3,LAWRENCE AVE E,VALPARAISO AVE,,Major Arterial,Scarborough,21,43,43.755103,-79.247493,Mid-Block,Non Intersection,No Control,Clear,"Dark, artificial",Dry,Fatal,Pedestrian Collisions,Pedestrian,70 to 74,Fatal,37,South,,,,,Pedestrian hit at mid-block,"Crossing, no Traffic Control",Had Been Drinking,,,,Yes,,Yes,,,,,,,,,,,127,Bendale (127),769
-8823225.9209178,5421546.99259735,80542278,6001053517,2016,2016/06/17 04:00:00+00,303,3,DANFORTH RD,ST CLAIR AVE E,92.1 m south,Minor Arterial,Scarborough,20,41,43.715674,-79.260387,Mid-Block,Non Intersection,No Control,Clear,"Dark, artificial",Dry,Fatal,Pedestrian Collisions,Pedestrian,20 to 24,Fatal,38,North,,,,,Pedestrian hit at mid-block,Running onto Roadway,Other,,,,Yes,,Yes,,,,,,,,,,,120,Clairlea-Birchmount (120),770
-8844394.65792603,5417750.04382528,80542826,6001088034,2016,2016/06/22 04:00:00+00,655,6,DYNEVOR RD,KIRKNEWTON RD,,Local,Toronto and East York,9,13,43.691016,-79.450549,Mid-Block,Non Intersection,No Control,Clear,Daylight,Dry,Fatal,Pedestrian Collisions,Pedestrian,65 to 69,Fatal,39,Unknown,,,,,Pedestrian hit at mid-block,Other,Normal,,,,Yes,,Yes,,,,,Yes,,,,,,109,Caledonia-Fairbank (109),771
-8834696.50388812,5410802.76623557,80545822,6001157650,2016,2016/07/02 04:00:00+00,1812,18,QUEENS QUAY E,BONNYCASTLE ST,65.6 M E of,Minor Arterial,Toronto and East York,10,51,43.645873,-79.363429,Mid-Block,Non Intersection,No Control,Clear,Daylight,Dry,Fatal,SMV Other,Passenger,35 to 39,Fatal,45,,,,,,,,,,,,,,Yes,,,,,Yes,Yes,Yes,,,,77,Waterfront Communities-The Island (77),772
-8858208.51617755,5423465.4629283,80545162,6001171035,2016,2016/07/04 04:00:00+00,2055,20,KIPLING AVE,WESTHUMBER BLVD,,Major Arterial,Etobicoke York,1,23,43.728129,-79.574641,Intersection,At Intersection,Traffic Signal,Clear,"Dusk, artificial",Dry,Fatal,Pedestrian Collisions,Pedestrian,70 to 74,Fatal,40,Unknown,,,,,Vehicle turns left while ped crosses with ROW at inter.,Walking on Roadway with Traffic,Normal,,,,Yes,,Yes,,,,,,Yes,Yes,,,,4,Rexdale-Kipling (4),773
-8857163.89407595,5424857.70113942,80545164,6001174210,2016,2016/07/05 04:00:00+00,1120,11,ALBION RD,ISLINGTON AVE,,Major Arterial,Etobicoke York,1,23,43.737166,-79.565257,Intersection,At Intersection,Traffic Signal,Clear,Daylight,Dry,Fatal,Pedestrian Collisions,Pedestrian,55 to 59,Fatal,43,North,,,,,Pedestrian hit at mid-block,"Crossing, no Traffic Control",Inattentive,,,,Yes,,Yes,,,,,,,,,,,3,Thistletown-Beaumond Heights (3),774
-8841408.5125855,5414699.66510661,80545158,6001174772,2016,2016/07/05 04:00:00+00,1247,12,740 DUPONT ST,,,Major Arterial,Toronto and East York,11,14,43.671199,-79.423724,Mid-Block,Non Intersection,No Control,Clear,Daylight,Dry,Fatal,Cyclist Collisions,Cyclist,70 to 74,Fatal,41,West,Bicycle,Overtaking,,,,,,Cyclist strikes a parked vehicle.,Improper Passing,Unknown,,Yes,,,,,,,,,,,,93,Dovercourt-Wallace Emerson-Junction (93),775
-8822710.40035594,5432012.00750527,80545161,6001183781,2016,2016/07/06 04:00:00+00,1831,18,401 C W MCCOWAN N RAMP RD,MCCOWAN RD,,Major Arterial,Scarborough,23,42,43.783583,-79.255756,Mid-Block,At Intersection,No Control,Clear,Daylight,Dry,Fatal,SMV Other,Motorcycle Driver,40 to 44,Fatal,42,West,Motorcycle,Going Ahead,Lost control,Unknown,,,,,,,,,Yes,Yes,,,,,Yes,Yes,,,,128,Agincourt South-Malvern West (128),776
-8851096.53654975,5404098.67166507,80545824,6001222638,2016,2016/07/12 04:00:00+00,1710,17,BIRMINGHAM ST,ELSINORE PATH,,Collector,Etobicoke York,3,22,43.602278,-79.510753,Intersection,At Intersection,No Control,Clear,Daylight,Dry,Fatal,SMV Other,Driver,55 to 59,Fatal,46,West,"Automobile, Station Wagon",Going Ahead,Lost control,Medical or Physical Disability,,,,,,,,,Yes,,,,,,,,,,Yes,18,New Toronto (18),777
-8851856.62603289,5413188.00990547,80545849,6001289424,2016,2016/07/22 04:00:00+00,1948,19,ROYAL YORK RD,STRATH HUMBER CRT,12.5 M S of,Minor Arterial,Etobicoke York,2,22,43.661376,-79.517581,Intersection,At Intersection,No Control,Clear,Daylight,Dry,Fatal,Turning Movement,Motorcycle Driver,30 to 34,Fatal,47,South,Motorcycle,Going Ahead,Exceeding Speed Limit,Normal,,,,,,,,,Yes,Yes,,,,Yes,Yes,Yes,,,,9,Edenbridge-Humber Valley (9),778
-8834870.60757172,5412504.20683967,80546836,6001326720,2016,2016/07/28 04:00:00+00,1450,14,PARLIAMENT ST,SHUTER ST,,Minor Arterial,Toronto and East York,13,51,43.656932,-79.364993,Intersection,At Intersection,Traffic Signal,Clear,Daylight,Dry,Fatal,Pedestrian Collisions,Pedestrian,80 to 84,Fatal,49,West,,,,,Vehicle is going straight thru inter.while ped cross without ROW,Crossing without right of way,Normal,,,,Yes,,,,Yes,,,,,,,,,72,Regent Park (72),779
-8817353.81777846,5426504.10098122,80546795,6001334259,2016,2016/07/29 04:00:00+00,1825,18,KINGSTON RD,GUILDCREST DR,,Major Arterial,Scarborough,24,43,43.747851,-79.207637,Intersection,At Intersection,No Control,Clear,Daylight,Dry,Fatal,Pedestrian Collisions,Pedestrian,60 to 64,Fatal,48,East,,,,,Vehicle is going straight thru inter.while ped cross with ROW,Crossing with right of way,Unknown,,,,Yes,,Yes,,,Yes,,,Yes,Yes,,,,140,Guildwood (140),780
-8841256.56148057,5431188.66444825,80546835,6001376721,2016,2016/08/05 04:00:00+00,1225,12,FINCH AVE W,TALBOT RD,40 m East,Major Arterial,North York,18,32,43.778243,-79.422359,Mid-Block,Non Intersection,No Control,Clear,Daylight,Dry,Fatal,Pedestrian Collisions,Pedestrian,80 to 84,Fatal,50,North,,,,,Pedestrian hit at mid-block,"Crossing, no Traffic Control",Inattentive,,,,Yes,,Yes,,,,,,,,,,,37,Willowdale West (37),781